Article,Tag,Chromophore,Solvent,Absorption max (nm),Emission max (nm),Lifetime (ns),Quantum yield,log(e/mol-1 dm3 cm-1),abs FWHM (cm-1),emi FWHM (cm-1),abs FWHM (nm),emi FWHM (nm),Molecular weight (g mol-1),Reference,link
1,17496,CCCCCCC1(CCCCCC)c2ccccc2-c2ccc(-c3ccc4c(c3)S(=O)(=O)c3cc(-c5ccc6c(c5)C(CCCCCC)(CCCCCC)c5ccccc5-6)ccc3-4)cc21,Cc1ccccc1,366,412,1.08,0.9,4.756636,,,,,880.5253025,10.1021/jo100898a,https://doi.org/10.1021/jo100898a
1,17497,CCCCC(CC)Cn1c2ccccc2c2cc(-c3ccc4c(c3)S(=O)(=O)c3cc(-c5ccc6c(c5)c5ccccc5n6CC(CC)CCCC)ccc3-4)ccc21,Cc1ccccc1,379,433,1.45,0.45,4.542825,,,,,770.3906,10.1021/jo100898a,https://doi.org/10.1021/jo100898a
1,17498,CCCCC(CC)Cn1c2ccccc2c2cc(-c3cc4c(cc3F)-c3cc(F)c(-c5ccc6c(c5)c5ccccc5n6CC(CC)CCCC)cc3S4(=O)=O)ccc21,Cc1ccccc1,377,432,1.25,0.58,4.559907,,,,,806.3717563,10.1021/jo100898a,https://doi.org/10.1021/jo100898a
1,17499,CCCCC(CC)Cn1c2ccccc2c2cc(-c3ccc4c(c3)-c3cc(-c5ccc6c(c5)c5ccccc5n6CC(CC)CCCC)ccc3S4(=O)=O)ccc21,Cc1ccccc1,340,408,1.12,0.25,4.431364,,,,,770.3906,10.1021/jo100898a,https://doi.org/10.1021/jo100898a
1,17500,CCCCC(CC)Cn1c2ccccc2c2ccc(-c3ccc4c(c3)S(=O)(=O)c3cc(-c5ccc6c7ccccc7n(CC(CC)CCCC)c6c5)ccc3-4)cc21,Cc1ccccc1,370,420,1.22,0.55,4.724276,,,,,770.3906,10.1021/jo100898a,https://doi.org/10.1021/jo100898a
1,17501,CCCCCCC1(CCCCCC)c2ccccc2-c2ccc(-c3cc4c(cc3F)-c3cc(F)c(-c5ccc6c(c5)C(CCCCCC)(CCCCCC)c5ccccc5-6)cc3S4(=O)=O)cc21,Cc1ccccc1,360,411,0.9,1,4.691081,,,,,916.5064589,10.1021/jo100898a,https://doi.org/10.1021/jo100898a
1,17502,CCCCCCC1(CCCCCC)c2ccccc2-c2ccc(-c3ccc4c(c3)-c3cc(-c5ccc6c(c5)C(CCCCCC)(CCCCCC)c5ccccc5-6)ccc3S4(=O)=O)cc21,Cc1ccccc1,320,387,1.21,0.59,4.640481,,,,,880.5253025,10.1021/jo100898a,https://doi.org/10.1021/jo100898a
1,17503,O=S1(=O)c2cc(-n3c4ccccc4c4ccccc43)ccc2-c2ccc(-n3c4ccccc4c4ccccc43)cc21,Cc1ccccc1,379,442,3.89,0.57,4.169086,,,,,546.1401989,10.1021/jo100898a,https://doi.org/10.1021/jo100898a
1,17504,O=S1(=O)c2ccc(-n3c4ccccc4c4ccccc43)cc2-c2cc(-n3c4ccccc4c4ccccc43)ccc21,Cc1ccccc1,351,424,2.68,0.26,3.959041,,,,,546.1401989,10.1021/jo100898a,https://doi.org/10.1021/jo100898a
1,17505,CCCCc1ccc(N(c2ccc(CCCC)cc2)c2ccc3c(c2)S(=O)(=O)c2cc(N(c4ccc(CCCC)cc4)c4ccc(CCCC)cc4)ccc2-3)cc1,Cc1ccccc1,428,482,4.17,0.6,4.128399,,,,,774.4219001,10.1021/jo100898a,https://doi.org/10.1021/jo100898a
1,17506,CCCCc1ccc(N(c2ccc(CCCC)cc2)c2ccc(-c3ccc4c(c3)S(=O)(=O)c3cc(-c5ccc(N(c6ccc(CCCC)cc6)c6ccc(CCCC)cc6)cc5)ccc3-4)cc2)cc1,Cc1ccccc1,411,471,1.47,0.75,4.607455,,,,,926.4845004,10.1021/jo100898a,https://doi.org/10.1021/jo100898a
1,17507,CCCCCCC1(CCCCCC)c2ccccc2-c2ccc(-c3ccc4c(c3)S(=O)(=O)c3cc(-c5ccc6c(c5)C(CCCCCC)(CCCCCC)c5ccccc5-6)ccc3-4)cc21,ClC(Cl)Cl,367,427,,,,6084.6,3117.9,83,57.1,880.5253025,10.1021/jo100898a,https://doi.org/10.1021/jo100898a
1,17508,CCCCC(CC)Cn1c2ccccc2c2cc(-c3ccc4c(c3)S(=O)(=O)c3cc(-c5ccc6c(c5)c5ccccc5n6CC(CC)CCCC)ccc3-4)ccc21,ClC(Cl)Cl,382,458,,,,,3250.8,,68.6,770.3906,10.1021/jo100898a,https://doi.org/10.1021/jo100898a
1,17509,CCCCC(CC)Cn1c2ccccc2c2cc(-c3cc4c(cc3F)-c3cc(F)c(-c5ccc6c(c5)c5ccccc5n6CC(CC)CCCC)cc3S4(=O)=O)ccc21,ClC(Cl)Cl,387,454,,,,,,,,806.3717563,10.1021/jo100898a,https://doi.org/10.1021/jo100898a
1,17510,CCCCC(CC)Cn1c2ccccc2c2cc(-c3ccc4c(c3)-c3cc(-c5ccc6c(c5)c5ccccc5n6CC(CC)CCCC)ccc3S4(=O)=O)ccc21,ClC(Cl)Cl,355,438,,,,,,,,770.3906,10.1021/jo100898a,https://doi.org/10.1021/jo100898a
1,17511,CCCCC(CC)Cn1c2ccccc2c2ccc(-c3ccc4c(c3)S(=O)(=O)c3cc(-c5ccc6c7ccccc7n(CC(CC)CCCC)c6c5)ccc3-4)cc21,ClC(Cl)Cl,371,438,,,,,,,,770.3906,10.1021/jo100898a,https://doi.org/10.1021/jo100898a
1,17512,CCCCCCC1(CCCCCC)c2ccccc2-c2ccc(-c3cc4c(cc3F)-c3cc(F)c(-c5ccc6c(c5)C(CCCCCC)(CCCCCC)c5ccccc5-6)cc3S4(=O)=O)cc21,ClC(Cl)Cl,362,425,,,,,,,,916.5064589,10.1021/jo100898a,https://doi.org/10.1021/jo100898a
1,17513,CCCCCCC1(CCCCCC)c2ccccc2-c2ccc(-c3ccc4c(c3)-c3cc(-c5ccc6c(c5)C(CCCCCC)(CCCCCC)c5ccccc5-6)ccc3S4(=O)=O)cc21,ClC(Cl)Cl,326,409,,,,,,,,880.5253025,10.1021/jo100898a,https://doi.org/10.1021/jo100898a
1,17514,O=S1(=O)c2cc(-n3c4ccccc4c4ccccc43)ccc2-c2ccc(-n3c4ccccc4c4ccccc43)cc21,ClC(Cl)Cl,384,454,,,,,,,,546.1401989,10.1021/jo100898a,https://doi.org/10.1021/jo100898a
1,17515,O=S1(=O)c2ccc(-n3c4ccccc4c4ccccc43)cc2-c2cc(-n3c4ccccc4c4ccccc43)ccc21,ClC(Cl)Cl,354,456,,,,,,,,546.1401989,10.1021/jo100898a,https://doi.org/10.1021/jo100898a
1,17516,CCCCc1ccc(N(c2ccc(CCCC)cc2)c2ccc3c(c2)S(=O)(=O)c2cc(N(c4ccc(CCCC)cc4)c4ccc(CCCC)cc4)ccc2-3)cc1,ClC(Cl)Cl,436,516,,,,,,,,774.4219001,10.1021/jo100898a,https://doi.org/10.1021/jo100898a
1,17517,CCCCc1ccc(N(c2ccc(CCCC)cc2)c2ccc(-c3ccc4c(c3)S(=O)(=O)c3cc(-c5ccc(N(c6ccc(CCCC)cc6)c6ccc(CCCC)cc6)cc5)ccc3-4)cc2)cc1,ClC(Cl)Cl,418,520,,,,5478.3,3008.1,97,81.8,926.4845004,10.1021/jo100898a,https://doi.org/10.1021/jo100898a
,,,,,,,,,,,,,,,https://doi.org/
2,2923,COC(=O)C(Cc1ccc2oc(-c3ccc(N(C)c4ccccc4)cc3)nc2c1)NC(=O)OC(C)(C)C,CO,350.2013658,535.5039092,0.76,0.03,,,4970,49,,501.58114,10.1039/c1pp05123g,https://doi.org/10.1039/c1pp05123g
2,2924,COC(=O)C(Cc1ccc2oc(-c3ccc(N(C)c4ccccc4)cc3)nc2c1)NC(=O)OC(C)(C)C,CCO,350.4959518,519.9937601,1.59,0.07,,,,,,501.58114,10.1039/c1pp05123g,https://doi.org/10.1039/c1pp05123g
2,2926,COC(=O)C(Cc1ccc2oc(-c3ccc(N(C)c4ccccc4)cc3)nc2c1)NC(=O)OC(C)(C)C,CCCCO,351.2962833,488.997555,3.97,0.18,,,,,,501.58114,10.1039/c1pp05123g,https://doi.org/10.1039/c1pp05123g
2,2929,COC(=O)C(Cc1ccc2oc(-c3ccc(N(C)c4ccccc4)cc3)nc2c1)NC(=O)OC(C)(C)C,CC(C)CO,350.2995061,488.4959211,4.24,0.2,,,,,,501.58114,10.1039/c1pp05123g,https://doi.org/10.1039/c1pp05123g
2,2931,COC(=O)C(Cc1ccc2oc(-c3ccc(N(C)c4ccccc4)cc3)nc2c1)NC(=O)OC(C)(C)C,CC(C)O,348.894006,495.000495,4.41,0.19,,,,,,501.58114,10.1039/c1pp05123g,https://doi.org/10.1039/c1pp05123g
2,2932,COC(=O)C(Cc1ccc2oc(-c3ccc(N(C)c4ccccc4)cc3)nc2c1)NC(=O)OC(C)(C)C,CCCCCO,347.5963711,454.504136,5.44,0.28,,,,,,501.58114,10.1039/c1pp05123g,https://doi.org/10.1039/c1pp05123g
2,2934,COC(=O)C(Cc1ccc2oc(-c3ccc(N(C)c4ccccc4)cc3)nc2c1)NC(=O)OC(C)(C)C,CCCCCCO,351.2962833,484.0036784,4.64,0.22,,,,,,501.58114,10.1039/c1pp05123g,https://doi.org/10.1039/c1pp05123g
2,2937,COC(=O)C(Cc1ccc2oc(-c3ccc(N(C)c4ccccc4)cc3)nc2c1)NC(=O)OC(C)(C)C,OC1CCCCC1,352.2987493,492.9994084,4.88,0.18,,,,,,501.58114,10.1039/c1pp05123g,https://doi.org/10.1039/c1pp05123g
2,2939,COC(=O)C(Cc1ccc2oc(-c3ccc(N(C)c4ccccc4)cc3)nc2c1)NC(=O)OC(C)(C)C,CCCCCCCO,351.0989397,482.509047,4.34,0.21,,,,,,501.58114,10.1039/c1pp05123g,https://doi.org/10.1039/c1pp05123g
2,2941,COC(=O)C(Cc1ccc2oc(-c3ccc(N(C)c4ccccc4)cc3)nc2c1)NC(=O)OC(C)(C)C,OCCO,355.6946717,517.0096164,0.41,0.03,,,,,,501.58114,10.1039/c1pp05123g,https://doi.org/10.1039/c1pp05123g
2,2943,COC(=O)C(Cc1ccc2oc(-c3ccc(N(C)c4ccccc4)cc3)nc2c1)NC(=O)OC(C)(C)C,CC(O)CO,353.9948317,492.4895346,0.88,0.11,,,,50.8,,501.58114,10.1039/c1pp05123g,https://doi.org/10.1039/c1pp05123g
2,2944,COC(=O)C(Cc1ccc2oc(-c3ccc(N(C)c4ccccc4)cc3)nc2c1)NC(=O)OC(C)(C)C,NC=O,355.0001775,429.99656,2.35,0.02,,,7660,50.8,,501.58114,10.1039/c1pp05123g,https://doi.org/10.1039/c1pp05123g
2,2947,COC(=O)C(Cc1ccc2oc(-c3ccc(N(C)c4ccccc4)cc3)nc2c1)NC(=O)OC(C)(C)C,CC(C)=O,348.894006,496.4996773,5.11,0.19,,,,,,501.58114,10.1039/c1pp05123g,https://doi.org/10.1039/c1pp05123g
2,2948,COC(=O)C(Cc1ccc2oc(-c3ccc(N(C)c4ccccc4)cc3)nc2c1)NC(=O)OC(C)(C)C,CC#N,347.1981112,515.4904892,4.23,0.11,,,4240,49.6,,501.58114,10.1039/c1pp05123g,https://doi.org/10.1039/c1pp05123g
2,2950,COC(=O)C(Cc1ccc2oc(-c3ccc(N(C)c4ccccc4)cc3)nc2c1)NC(=O)OC(C)(C)C,ClC(Cl)Cl,352.2987493,448.0086018,4.71,0.58,,,,48.9,,501.58114,10.1039/c1pp05123g,https://doi.org/10.1039/c1pp05123g
2,2952,COC(=O)C(Cc1ccc2oc(-c3ccc(N(C)c4ccccc4)cc3)nc2c1)NC(=O)OC(C)(C)C,ClCCl,350.5942573,476.0091394,6.11,0.45,,,,,,501.58114,10.1039/c1pp05123g,https://doi.org/10.1039/c1pp05123g
2,2955,COC(=O)C(Cc1ccc2oc(-c3ccc(N(C)c4ccccc4)cc3)nc2c1)NC(=O)OC(C)(C)C,CCCCC,339.6047001,401.9938897,1.88,1,,,2810,46.6,,501.58114,10.1039/c1pp05123g,https://doi.org/10.1039/c1pp05123g
2,2956,COC(=O)C(Cc1ccc2oc(-c3ccc(N(C)c4ccccc4)cc3)nc2c1)NC(=O)OC(C)(C)C,CCC(C)CC,339.99728,401.9938897,1.67,0.97,,,,,,501.58114,10.1039/c1pp05123g,https://doi.org/10.1039/c1pp05123g
2,2959,COC(=O)C(Cc1ccc2oc(-c3ccc(N(C)c4ccccc4)cc3)nc2c1)NC(=O)OC(C)(C)C,C1CCCCC1,342.5009419,405.0058726,1.81,0.998,,,,,,501.58114,10.1039/c1pp05123g,https://doi.org/10.1039/c1pp05123g
2,2960,COC(=O)C(Cc1ccc2oc(-c3ccc(N(C)c4ccccc4)cc3)nc2c1)NC(=O)OC(C)(C)C,CCCCCC,340.9013432,402.4954719,1.66,1,,,,,,501.58114,10.1039/c1pp05123g,https://doi.org/10.1039/c1pp05123g
2,2963,COC(=O)C(Cc1ccc2oc(-c3ccc(N(C)c4ccccc4)cc3)nc2c1)NC(=O)OC(C)(C)C,CC(C)CC(C)(C)C,340.7967829,402.9983074,1.7,1,,,,,,501.58114,10.1039/c1pp05123g,https://doi.org/10.1039/c1pp05123g
2,2964,COC(=O)C(Cc1ccc2oc(-c3ccc(N(C)c4ccccc4)cc3)nc2c1)NC(=O)OC(C)(C)C,CCCCCCCCC,341.7985439,404.498018,1.78,0.95,,,,,,501.58114,10.1039/c1pp05123g,https://doi.org/10.1039/c1pp05123g
2,2967,COC(=O)C(Cc1ccc2oc(-c3ccc(N(C)c4ccccc4)cc3)nc2c1)NC(=O)OC(C)(C)C,CCCCCCCCCC,341.7985439,404.498018,1.79,1,,,,,,501.58114,10.1039/c1pp05123g,https://doi.org/10.1039/c1pp05123g
2,2968,COC(=O)C(Cc1ccc2oc(-c3ccc(N(C)c4ccccc4)cc3)nc2c1)NC(=O)OC(C)(C)C,COCCOC,349.4060098,497.4876872,1.18,0.07,,,,50,,501.58114,10.1039/c1pp05123g,https://doi.org/10.1039/c1pp05123g
2,2970,COC(=O)C(Cc1ccc2oc(-c3ccc(N(C)c4ccccc4)cc3)nc2c1)NC(=O)OC(C)(C)C,C1COCCO1,348.2985615,440.9948845,4.14,0.73,,,,49.1,,501.58114,10.1039/c1pp05123g,https://doi.org/10.1039/c1pp05123g
2,2973,COC(=O)C(Cc1ccc2oc(-c3ccc(N(C)c4ccccc4)cc3)nc2c1)NC(=O)OC(C)(C)C,C1CCOC1,348.1045706,471.0093731,5.29,0.27,,,,,,501.58114,10.1039/c1pp05123g,https://doi.org/10.1039/c1pp05123g
2,2974,COC(=O)C(Cc1ccc2oc(-c3ccc(N(C)c4ccccc4)cc3)nc2c1)NC(=O)OC(C)(C)C,CC1CCCO1,347.2945753,441.5011038,4.37,0.52,,,,,,501.58114,10.1039/c1pp05123g,https://doi.org/10.1039/c1pp05123g
2,2977,COC(=O)C(Cc1ccc2oc(-c3ccc(N(C)c4ccccc4)cc3)nc2c1)NC(=O)OC(C)(C)C,CCOCC,344.1985337,442.4974556,4.4,0.6,,,,,,501.58114,10.1039/c1pp05123g,https://doi.org/10.1039/c1pp05123g
2,2978,COC(=O)C(Cc1ccc2oc(-c3ccc(N(C)c4ccccc4)cc3)nc2c1)NC(=O)OC(C)(C)C,CC1COC(=O)O1,350.5942573,517.4912026,4.3,0.11,,,6630,,,501.58114,10.1039/c1pp05123g,https://doi.org/10.1039/c1pp05123g
2,2980,COC(=O)C(Cc1ccc2oc(-c3ccc(N(C)c4ccccc4)cc3)nc2c1)NC(=O)OC(C)(C)C,c1ccccc1,349.8950315,420.5037635,2.97,0.76,,,,48.5,,501.58114,10.1039/c1pp05123g,https://doi.org/10.1039/c1pp05123g
2,2982,COC(=O)C(Cc1ccc2oc(-c3ccc(N(C)c4ccccc4)cc3)nc2c1)NC(=O)OC(C)(C)C,Cc1ccccc1,349.0035947,419.4630872,2.81,0.78,,,,,,501.58114,10.1039/c1pp05123g,https://doi.org/10.1039/c1pp05123g
2,2985,COC(=O)C(Cc1ccc2oc(-c3ccc(N(C)c4ccccc4)cc3)nc2c1)NC(=O)OC(C)(C)C,Cc1ccccc1C,349.1985892,418.0077749,2.7,0.84,,,,,,501.58114,10.1039/c1pp05123g,https://doi.org/10.1039/c1pp05123g
2,2986,COC(=O)C(Cc1ccc2oc(-c3ccc(N(C)c4ccccc4)cc3)nc2c1)NC(=O)OC(C)(C)C,CCOC(C)=O,345.697791,455.000455,4.68,0.39,,,,49.1,,501.58114,10.1039/c1pp05123g,https://doi.org/10.1039/c1pp05123g
2,2989,COC(=O)C(Cc1ccc2oc(-c3ccc(N(C)c4ccccc4)cc3)nc2c1)NC(=O)OC(C)(C)C,CN(C)C=O,352.0011264,515.995872,5.1,0.16,,,4560,,,501.58114,10.1039/c1pp05123g,https://doi.org/10.1039/c1pp05123g
2,2991,COC(=O)C(Cc1ccc2oc(-c3ccc(N(C)c4ccccc4)cc3)nc2c1)NC(=O)OC(C)(C)C,CS(C)=O,354.4967918,526.0112566,4.74,0.15,,,,50.6,,501.58114,10.1039/c1pp05123g,https://doi.org/10.1039/c1pp05123g
2,2992,COC(=O)C(Cc1ccc2oc(-c3ccc(N(C)C)cc3)nc2c1)NC(=O)OC(C)(C)C,CO,346.5003465,403.5024008,1.26,0.81,,,3060,,,439.51026,10.1039/c1pp05123g,https://doi.org/10.1039/c1pp05123g
2,2994,COC(=O)C(Cc1ccc2oc(-c3ccc(N(C)C)cc3)nc2c1)NC(=O)OC(C)(C)C,CCO,346.5964231,402.9983074,1.35,0.98,,,,,,439.51026,10.1039/c1pp05123g,https://doi.org/10.1039/c1pp05123g
2,2997,COC(=O)C(Cc1ccc2oc(-c3ccc(N(C)C)cc3)nc2c1)NC(=O)OC(C)(C)C,CCCCO,345.9010723,399.5046143,1.29,0.99,,,,,,439.51026,10.1039/c1pp05123g,https://doi.org/10.1039/c1pp05123g
2,2998,COC(=O)C(Cc1ccc2oc(-c3ccc(N(C)C)cc3)nc2c1)NC(=O)OC(C)(C)C,CC(C)CO,344.4949704,396.4949843,1.29,1,,,,,,439.51026,10.1039/c1pp05123g,https://doi.org/10.1039/c1pp05123g
2,3001,COC(=O)C(Cc1ccc2oc(-c3ccc(N(C)C)cc3)nc2c1)NC(=O)OC(C)(C)C,CC(C)O,343.9026068,396.9986899,1.3,1,,,,,,439.51026,10.1039/c1pp05123g,https://doi.org/10.1039/c1pp05123g
2,3003,COC(=O)C(Cc1ccc2oc(-c3ccc(N(C)C)cc3)nc2c1)NC(=O)OC(C)(C)C,CCCCCO,342.7004798,388.5003885,1.25,1,,,,,,439.51026,10.1039/c1pp05123g,https://doi.org/10.1039/c1pp05123g
2,3004,COC(=O)C(Cc1ccc2oc(-c3ccc(N(C)C)cc3)nc2c1)NC(=O)OC(C)(C)C,CCCCCCO,345.6022119,397.9941097,1.32,1,,,,,,439.51026,10.1039/c1pp05123g,https://doi.org/10.1039/c1pp05123g
2,3006,COC(=O)C(Cc1ccc2oc(-c3ccc(N(C)C)cc3)nc2c1)NC(=O)OC(C)(C)C,OC1CCCCC1,346.5003465,398.9945338,1.28,0.91,,,,,,439.51026,10.1039/c1pp05123g,https://doi.org/10.1039/c1pp05123g
2,3008,COC(=O)C(Cc1ccc2oc(-c3ccc(N(C)C)cc3)nc2c1)NC(=O)OC(C)(C)C,CCCCCCCO,345.697791,396.4949843,1.296,1,,,,,,439.51026,10.1039/c1pp05123g,https://doi.org/10.1039/c1pp05123g
2,3010,COC(=O)C(Cc1ccc2oc(-c3ccc(N(C)C)cc3)nc2c1)NC(=O)OC(C)(C)C,OCCO,351.9020305,408.496732,1.13,0.76,,,,,,439.51026,10.1039/c1pp05123g,https://doi.org/10.1039/c1pp05123g
2,3012,COC(=O)C(Cc1ccc2oc(-c3ccc(N(C)C)cc3)nc2c1)NC(=O)OC(C)(C)C,CC(O)CO,349.5037047,408.496732,1.32,0.99,,,,,,439.51026,10.1039/c1pp05123g,https://doi.org/10.1039/c1pp05123g
2,3015,COC(=O)C(Cc1ccc2oc(-c3ccc(N(C)C)cc3)nc2c1)NC(=O)OC(C)(C)C,NC=O,349.4060098,411.5056994,1.14,0.71,,,2940,,,439.51026,10.1039/c1pp05123g,https://doi.org/10.1039/c1pp05123g
2,3016,COC(=O)C(Cc1ccc2oc(-c3ccc(N(C)C)cc3)nc2c1)NC(=O)OC(C)(C)C,CC(C)=O,343.1002539,394.4928794,1.26,1,,,,,,439.51026,10.1039/c1pp05123g,https://doi.org/10.1039/c1pp05123g
2,3018,COC(=O)C(Cc1ccc2oc(-c3ccc(N(C)C)cc3)nc2c1)NC(=O)OC(C)(C)C,CC#N,343.394801,395.50704,1.32,0.95,,,3040,,,439.51026,10.1039/c1pp05123g,https://doi.org/10.1039/c1pp05123g
2,3021,COC(=O)C(Cc1ccc2oc(-c3ccc(N(C)C)cc3)nc2c1)NC(=O)OC(C)(C)C,ClC(Cl)Cl,344.6018126,382.0001528,0.79,0.68,,,,,,439.51026,10.1039/c1pp05123g,https://doi.org/10.1039/c1pp05123g
2,3022,COC(=O)C(Cc1ccc2oc(-c3ccc(N(C)C)cc3)nc2c1)NC(=O)OC(C)(C)C,ClCCl,344.4949704,388.0029488,1.23,1,,,,,,439.51026,10.1039/c1pp05123g,https://doi.org/10.1039/c1pp05123g
2,3025,COC(=O)C(Cc1ccc2oc(-c3ccc(N(C)C)cc3)nc2c1)NC(=O)OC(C)(C)C,CCCCC,332.9005626,373.9995512,1.12,0.95,,,3450,,,439.51026,10.1039/c1pp05123g,https://doi.org/10.1039/c1pp05123g
2,3026,COC(=O)C(Cc1ccc2oc(-c3ccc(N(C)C)cc3)nc2c1)NC(=O)OC(C)(C)C,CCC(C)CC,333.000333,374.5037825,1.002,0.92,,,,,,439.51026,10.1039/c1pp05123g,https://doi.org/10.1039/c1pp05123g
2,3028,COC(=O)C(Cc1ccc2oc(-c3ccc(N(C)C)cc3)nc2c1)NC(=O)OC(C)(C)C,C1CCCCC1,335.0981838,377.0028275,1.02,1,,,,,,439.51026,10.1039/c1pp05123g,https://doi.org/10.1039/c1pp05123g
2,3030,COC(=O)C(Cc1ccc2oc(-c3ccc(N(C)C)cc3)nc2c1)NC(=O)OC(C)(C)C,CCCCCC,333.6002135,374.9953126,1.04,0.93,,,,,,439.51026,10.1039/c1pp05123g,https://doi.org/10.1039/c1pp05123g
2,3032,COC(=O)C(Cc1ccc2oc(-c3ccc(N(C)C)cc3)nc2c1)NC(=O)OC(C)(C)C,CC(C)CC(C)(C)C,333.000333,374.9953126,1.02,0.95,,,,,,439.51026,10.1039/c1pp05123g,https://doi.org/10.1039/c1pp05123g
2,3035,COC(=O)C(Cc1ccc2oc(-c3ccc(N(C)C)cc3)nc2c1)NC(=O)OC(C)(C)C,CCCCCCCCC,334.8961822,375.9963904,1.08,1,,,,,,439.51026,10.1039/c1pp05123g,https://doi.org/10.1039/c1pp05123g
2,3037,COC(=O)C(Cc1ccc2oc(-c3ccc(N(C)C)cc3)nc2c1)NC(=O)OC(C)(C)C,CCCCCCCCCC,334.8961822,377.0028275,1.09,0.93,,,,,,439.51026,10.1039/c1pp05123g,https://doi.org/10.1039/c1pp05123g
2,3038,COC(=O)C(Cc1ccc2oc(-c3ccc(N(C)C)cc3)nc2c1)NC(=O)OC(C)(C)C,COCCOC,343.9026068,395.50704,0.88,0.7,,,,,,439.51026,10.1039/c1pp05123g,https://doi.org/10.1039/c1pp05123g
2,3041,COC(=O)C(Cc1ccc2oc(-c3ccc(N(C)C)cc3)nc2c1)NC(=O)OC(C)(C)C,C1COCCO1,340.7967829,377.0028275,1.21,1,,,,,,439.51026,10.1039/c1pp05123g,https://doi.org/10.1039/c1pp05123g
2,3042,COC(=O)C(Cc1ccc2oc(-c3ccc(N(C)C)cc3)nc2c1)NC(=O)OC(C)(C)C,C1CCOC1,341.7985439,391.4966919,1.21,0.88,,,,,,439.51026,10.1039/c1pp05123g,https://doi.org/10.1039/c1pp05123g
2,3045,COC(=O)C(Cc1ccc2oc(-c3ccc(N(C)C)cc3)nc2c1)NC(=O)OC(C)(C)C,CC1CCCO1,338.9026333,384.4970778,1.15,1,,,,,,439.51026,10.1039/c1pp05123g,https://doi.org/10.1039/c1pp05123g
2,3046,COC(=O)C(Cc1ccc2oc(-c3ccc(N(C)C)cc3)nc2c1)NC(=O)OC(C)(C)C,CCOCC,338.2034632,379.5066414,1.24,0.99,,,,,,439.51026,10.1039/c1pp05123g,https://doi.org/10.1039/c1pp05123g
2,3049,COC(=O)C(Cc1ccc2oc(-c3ccc(N(C)C)cc3)nc2c1)NC(=O)OC(C)(C)C,CC(C)OC(C)C,339.5009336,387.5067814,1.2,1,,,,,,439.51026,10.1039/c1pp05123g,https://doi.org/10.1039/c1pp05123g
2,3051,COC(=O)C(Cc1ccc2oc(-c3ccc(N(C)C)cc3)nc2c1)NC(=O)OC(C)(C)C,CC1COC(=O)O1,345.1012872,404.0077569,1.41,1,,,3150,,,439.51026,10.1039/c1pp05123g,https://doi.org/10.1039/c1pp05123g
2,3052,COC(=O)C(Cc1ccc2oc(-c3ccc(N(C)C)cc3)nc2c1)NC(=O)OC(C)(C)C,c1ccccc1,342.9943406,375.5022342,1.08,0.97,,,,,,439.51026,10.1039/c1pp05123g,https://doi.org/10.1039/c1pp05123g
2,3055,COC(=O)C(Cc1ccc2oc(-c3ccc(N(C)C)cc3)nc2c1)NC(=O)OC(C)(C)C,Cc1ccccc1,341.997264,374.5037825,1.04,0.9,,,,,,439.51026,10.1039/c1pp05123g,https://doi.org/10.1039/c1pp05123g
2,3056,COC(=O)C(Cc1ccc2oc(-c3ccc(N(C)C)cc3)nc2c1)NC(=O)OC(C)(C)C,Cc1ccccc1C,341.4017958,372.9951511,1.07,0.99,,,,,,439.51026,10.1039/c1pp05123g,https://doi.org/10.1039/c1pp05123g
2,3059,COC(=O)C(Cc1ccc2oc(-c3ccc(N(C)C)cc3)nc2c1)NC(=O)OC(C)(C)C,CCOC(C)=O,339.6969903,381.5046544,1.19,1,,,,,,439.51026,10.1039/c1pp05123g,https://doi.org/10.1039/c1pp05123g
2,3060,COC(=O)C(Cc1ccc2oc(-c3ccc(N(C)C)cc3)nc2c1)NC(=O)OC(C)(C)C,CN(C)C=O,346.5003465,400.4966158,1.28,0.92,,,3060,,,439.51026,10.1039/c1pp05123g,https://doi.org/10.1039/c1pp05123g
2,3063,COC(=O)C(Cc1ccc2oc(-c3ccc(N(C)C)cc3)nc2c1)NC(=O)OC(C)(C)C,CS(C)=O,348.5049139,408.496732,1.26,1,,,,,,439.51026,10.1039/c1pp05123g,https://doi.org/10.1039/c1pp05123g
2,3064,COC(=O)C(Cc1ccc2oc(-c3ccc(Nc4ccccc4)cc3)nc2c1)NC(=O)OC(C)(C)C,CO,353.5067873,456.9966182,0.43,0.01,,,5650,,,487.55426,10.1039/c1pp05123g,https://doi.org/10.1039/c1pp05123g
2,3067,COC(=O)C(Cc1ccc2oc(-c3ccc(Nc4ccccc4)cc3)nc2c1)NC(=O)OC(C)(C)C,CCO,356.2014676,453.4941726,0.8,0.05,,,,,,487.55426,10.1039/c1pp05123g,https://doi.org/10.1039/c1pp05123g
2,3068,COC(=O)C(Cc1ccc2oc(-c3ccc(Nc4ccccc4)cc3)nc2c1)NC(=O)OC(C)(C)C,CCCCO,357.9226171,441.5011038,2,0.76,,,,,,487.55426,10.1039/c1pp05123g,https://doi.org/10.1039/c1pp05123g
2,3071,COC(=O)C(Cc1ccc2oc(-c3ccc(Nc4ccccc4)cc3)nc2c1)NC(=O)OC(C)(C)C,CC(C)CO,357.8969972,438.0009636,2.23,0.78,,,,,,487.55426,10.1039/c1pp05123g,https://doi.org/10.1039/c1pp05123g
2,3072,COC(=O)C(Cc1ccc2oc(-c3ccc(Nc4ccccc4)cc3)nc2c1)NC(=O)OC(C)(C)C,CC(C)O,355.5049948,440.5092287,2.43,0.69,,,,,,487.55426,10.1039/c1pp05123g,https://doi.org/10.1039/c1pp05123g
2,3075,COC(=O)C(Cc1ccc2oc(-c3ccc(Nc4ccccc4)cc3)nc2c1)NC(=O)OC(C)(C)C,CCCCCO,355.4039166,423.998304,2.89,0.61,,,,,,487.55426,10.1039/c1pp05123g,https://doi.org/10.1039/c1pp05123g
2,3076,COC(=O)C(Cc1ccc2oc(-c3ccc(Nc4ccccc4)cc3)nc2c1)NC(=O)OC(C)(C)C,CCCCCCO,359.1954023,429.000429,2.41,0.48,,,,,,487.55426,10.1039/c1pp05123g,https://doi.org/10.1039/c1pp05123g
2,3079,COC(=O)C(Cc1ccc2oc(-c3ccc(Nc4ccccc4)cc3)nc2c1)NC(=O)OC(C)(C)C,OC1CCCCC1,357.1045959,440.0052801,2.23,0.29,,,,,,487.55426,10.1039/c1pp05123g,https://doi.org/10.1039/c1pp05123g
2,3080,COC(=O)C(Cc1ccc2oc(-c3ccc(Nc4ccccc4)cc3)nc2c1)NC(=O)OC(C)(C)C,CCCCCCCO,359.5053207,434.4992396,2.23,0.5,,,,,,487.55426,10.1039/c1pp05123g,https://doi.org/10.1039/c1pp05123g
2,3083,COC(=O)C(Cc1ccc2oc(-c3ccc(Nc4ccccc4)cc3)nc2c1)NC(=O)OC(C)(C)C,OCCO,357.8969972,443.0071324,2.95,0.03,,,,,,487.55426,10.1039/c1pp05123g,https://doi.org/10.1039/c1pp05123g
2,3085,COC(=O)C(Cc1ccc2oc(-c3ccc(Nc4ccccc4)cc3)nc2c1)NC(=O)OC(C)(C)C,CC(O)CO,355.7959155,438.0009636,0.54,0.09,,,,,,487.55426,10.1039/c1pp05123g,https://doi.org/10.1039/c1pp05123g
2,3086,COC(=O)C(Cc1ccc2oc(-c3ccc(Nc4ccccc4)cc3)nc2c1)NC(=O)OC(C)(C)C,NC=O,355.7959155,447.0072862,1.7,0.01,,,4960,,,487.55426,10.1039/c1pp05123g,https://doi.org/10.1039/c1pp05123g
2,3089,COC(=O)C(Cc1ccc2oc(-c3ccc(Nc4ccccc4)cc3)nc2c1)NC(=O)OC(C)(C)C,CC(C)=O,348.5049139,439.5024832,2.96,0.62,,,,,,487.55426,10.1039/c1pp05123g,https://doi.org/10.1039/c1pp05123g
2,3090,COC(=O)C(Cc1ccc2oc(-c3ccc(Nc4ccccc4)cc3)nc2c1)NC(=O)OC(C)(C)C,CC#N,346.4043231,451.9978304,2.26,0.34,,,5240,,,487.55426,10.1039/c1pp05123g,https://doi.org/10.1039/c1pp05123g
2,3093,COC(=O)C(Cc1ccc2oc(-c3ccc(Nc4ccccc4)cc3)nc2c1)NC(=O)OC(C)(C)C,ClC(Cl)Cl,347.1981112,420.0092402,2.26,0.76,,,,,,487.55426,10.1039/c1pp05123g,https://doi.org/10.1039/c1pp05123g
2,3094,COC(=O)C(Cc1ccc2oc(-c3ccc(Nc4ccccc4)cc3)nc2c1)NC(=O)OC(C)(C)C,ClCCl,345.6022119,415.5067104,3.1,0.69,,,,,,487.55426,10.1039/c1pp05123g,https://doi.org/10.1039/c1pp05123g
2,3096,COC(=O)C(Cc1ccc2oc(-c3ccc(Nc4ccccc4)cc3)nc2c1)NC(=O)OC(C)(C)C,CCCCC,338.9026333,382.0001528,1.14,1,,,3610,,,487.55426,10.1039/c1pp05123g,https://doi.org/10.1039/c1pp05123g
2,3099,COC(=O)C(Cc1ccc2oc(-c3ccc(Nc4ccccc4)cc3)nc2c1)NC(=O)OC(C)(C)C,CCC(C)CC,339.3051031,382.9803531,1.03,1,,,,,,487.55426,10.1039/c1pp05123g,https://doi.org/10.1039/c1pp05123g
2,3100,COC(=O)C(Cc1ccc2oc(-c3ccc(Nc4ccccc4)cc3)nc2c1)NC(=O)OC(C)(C)C,C1CCCCC1,341.2037669,382.0001528,1.23,0.99,,,,,,487.55426,10.1039/c1pp05123g,https://doi.org/10.1039/c1pp05123g
2,3103,COC(=O)C(Cc1ccc2oc(-c3ccc(Nc4ccccc4)cc3)nc2c1)NC(=O)OC(C)(C)C,CCCCCC,338.9026333,383.494401,1.02,1,,,,,,487.55426,10.1039/c1pp05123g,https://doi.org/10.1039/c1pp05123g
2,3105,COC(=O)C(Cc1ccc2oc(-c3ccc(Nc4ccccc4)cc3)nc2c1)NC(=O)OC(C)(C)C,CC(C)CC(C)(C)C,338.9026333,383.9950849,1.01,1,,,,,,487.55426,10.1039/c1pp05123g,https://doi.org/10.1039/c1pp05123g
2,3106,COC(=O)C(Cc1ccc2oc(-c3ccc(Nc4ccccc4)cc3)nc2c1)NC(=O)OC(C)(C)C,CCCCCCCCC,340.2981011,384.4970778,1.06,0.98,,,,,,487.55426,10.1039/c1pp05123g,https://doi.org/10.1039/c1pp05123g
2,3109,COC(=O)C(Cc1ccc2oc(-c3ccc(Nc4ccccc4)cc3)nc2c1)NC(=O)OC(C)(C)C,CCCCCCCCCC,339.99728,385.000385,1.09,1,,,,,,487.55426,10.1039/c1pp05123g,https://doi.org/10.1039/c1pp05123g
2,3111,COC(=O)C(Cc1ccc2oc(-c3ccc(Nc4ccccc4)cc3)nc2c1)NC(=O)OC(C)(C)C,COCCOC,351.9020305,440.0052801,0.9,0.08,,,,,,487.55426,10.1039/c1pp05123g,https://doi.org/10.1039/c1pp05123g
2,3112,COC(=O)C(Cc1ccc2oc(-c3ccc(Nc4ccccc4)cc3)nc2c1)NC(=O)OC(C)(C)C,C1COCCO1,347.3548925,410.5090312,1.83,1,,,,,,487.55426,10.1039/c1pp05123g,https://doi.org/10.1039/c1pp05123g
2,3115,COC(=O)C(Cc1ccc2oc(-c3ccc(Nc4ccccc4)cc3)nc2c1)NC(=O)OC(C)(C)C,C1CCOC1,350.9018177,419.0061175,2.68,0.62,,,,,,487.55426,10.1039/c1pp05123g,https://doi.org/10.1039/c1pp05123g
2,3116,COC(=O)C(Cc1ccc2oc(-c3ccc(Nc4ccccc4)cc3)nc2c1)NC(=O)OC(C)(C)C,CC1CCCO1,348.1045706,425.0074376,2.75,0.55,,,,,,487.55426,10.1039/c1pp05123g,https://doi.org/10.1039/c1pp05123g
2,3119,COC(=O)C(Cc1ccc2oc(-c3ccc(Nc4ccccc4)cc3)nc2c1)NC(=O)OC(C)(C)C,CCOCC,346.4043231,409.5004095,2.27,0.67,,,,,,487.55426,10.1039/c1pp05123g,https://doi.org/10.1039/c1pp05123g
2,3121,COC(=O)C(Cc1ccc2oc(-c3ccc(Nc4ccccc4)cc3)nc2c1)NC(=O)OC(C)(C)C,CC(C)OC(C)C,350.0052501,426.0032376,2.48,0.69,,,,,,487.55426,10.1039/c1pp05123g,https://doi.org/10.1039/c1pp05123g
2,3122,COC(=O)C(Cc1ccc2oc(-c3ccc(Nc4ccccc4)cc3)nc2c1)NC(=O)OC(C)(C)C,CC1COC(=O)O1,353.8946102,457.4983988,1.98,0.31,,,4420,,,487.55426,10.1039/c1pp05123g,https://doi.org/10.1039/c1pp05123g
2,3125,COC(=O)C(Cc1ccc2oc(-c3ccc(Nc4ccccc4)cc3)nc2c1)NC(=O)OC(C)(C)C,c1ccccc1,346.8970063,398.5016339,1.42,0.95,,,,,,487.55426,10.1039/c1pp05123g,https://doi.org/10.1039/c1pp05123g
2,3126,COC(=O)C(Cc1ccc2oc(-c3ccc(Nc4ccccc4)cc3)nc2c1)NC(=O)OC(C)(C)C,Cc1ccccc1,346.5964231,401.493556,1.364,0.85,,,,,,487.55426,10.1039/c1pp05123g,https://doi.org/10.1039/c1pp05123g
2,3129,COC(=O)C(Cc1ccc2oc(-c3ccc(Nc4ccccc4)cc3)nc2c1)NC(=O)OC(C)(C)C,Cc1ccccc1C,346.4043231,401.493556,1.35,0.92,,,,,,487.55426,10.1039/c1pp05123g,https://doi.org/10.1039/c1pp05123g
2,3130,COC(=O)C(Cc1ccc2oc(-c3ccc(Nc4ccccc4)cc3)nc2c1)NC(=O)OC(C)(C)C,CCOC(C)=O,346.5964231,411.9973632,2.46,0.71,,,,,,487.55426,10.1039/c1pp05123g,https://doi.org/10.1039/c1pp05123g
2,3132,COC(=O)C(Cc1ccc2oc(-c3ccc(Nc4ccccc4)cc3)nc2c1)NC(=O)OC(C)(C)C,CN(C)C=O,354.195445,447.5073839,2.45,0.62,,,4580,,,487.55426,10.1039/c1pp05123g,https://doi.org/10.1039/c1pp05123g
2,3134,COC(=O)C(Cc1ccc2oc(-c3ccc(Nc4ccccc4)cc3)nc2c1)NC(=O)OC(C)(C)C,CS(C)=O,357.8969972,459.495474,1.92,0.41,,,,,,487.55426,10.1039/c1pp05123g,https://doi.org/10.1039/c1pp05123g
,,,,,,,,,,,,,,,https://doi.org/
3,16858,C(=Cc1ccc(-n2c3ccccc3c3ccccc32)cc1)c1ccc(-c2ccc(C=Cc3ccc(-n4c5ccccc5c5ccccc54)cc3)cc2)cc1,Cc1ccccc1,370,420,0.87,0.89,,4502.9,2769.2,62.1,49,688.2878492,10.1021/acsmaterialslett.9b00536,https://doi.org/10.1021/acsmaterialslett.9b00536
3,16860,C(=Cc1ccc(-n2c3ccccc3c3ccccc32)cc1)c1ccc(-c2ccc(C=Cc3ccc(-n4c5ccccc5c5ccccc54)cc3)cc2)cc1,c1ccc2c(c1)c1ccccc1n2-c1ccc(-c2ccc(-n3c4ccccc4c4ccccc43)cc2)cc1,389,438,1.3,0.98,,,3342.3,,64.5,688.2878492,10.1021/acsmaterialslett.9b00536,https://doi.org/10.1021/acsmaterialslett.9b00536
3,16861,c1ccc2c(c1)c1ccccc1n2-c1ccc2cc(-c3ccc(-c4ccc(-c5cc6ccc(-n7c8ccccc8c8ccccc87)cc6o5)cc4)cc3)oc2c1,Cc1ccccc1,369,419,0.97,0.96,,4539.6,2745.2,62.2,48.4,716.2463783,10.1021/acsmaterialslett.9b00536,https://doi.org/10.1021/acsmaterialslett.9b00536
3,16863,c1ccc2c(c1)c1ccccc1n2-c1ccc2cc(-c3ccc(-c4ccc(-c5cc6ccc(-n7c8ccccc8c8ccccc87)cc6o5)cc4)cc3)oc2c1,c1ccc2c(c1)c1ccccc1n2-c1ccc(-c2ccc(-n3c4ccccc4c4ccccc43)cc2)cc1,380,441,1.5,1,,,3506,,68.6,716.2463783,10.1021/acsmaterialslett.9b00536,https://doi.org/10.1021/acsmaterialslett.9b00536
3,16866,c1ccc2c(c1)c1ccccc1n2-c1ccc2cc(-c3ccc(-c4ccc(-c5cc6ccc(-n7c8ccccc8c8ccccc87)cc6o5)cc4)cc3)oc2c1,c1ccc2c(c1)c1ccccc1n2-c1ccc2cc(-c3ccc(-c4ccc(-c5cc6ccc(-n7c8ccccc8c8ccccc87)cc6o5)cc4)cc3)oc2c1,370,484,2.2,0.89,,,3205.3,,75.5,716.2463783,10.1021/acsmaterialslett.9b00536,https://doi.org/10.1021/acsmaterialslett.9b00536
3,16867,c1ccc2c(c1)c1ccccc1n2-c1ccc(-c2cc3ccc(-c4ccc5cc(-c6ccc(-n7c8ccccc8c8ccccc87)cc6)oc5c4)cc3o2)cc1,Cc1ccccc1,365,407,0.93,0.96,,4791.5,2530.2,64.3,42,716.2463783,10.1021/acsmaterialslett.9b00536,https://doi.org/10.1021/acsmaterialslett.9b00536
3,16869,c1ccc2c(c1)c1ccccc1n2-c1ccc(-c2cc3ccc(-c4ccc5cc(-c6ccc(-n7c8ccccc8c8ccccc87)cc6)oc5c4)cc3o2)cc1,c1ccc2c(c1)c1ccccc1n2-c1ccc(-c2ccc(-n3c4ccccc4c4ccccc43)cc2)cc1,376,419,1.3,1,,,2942.4,,51.9,716.2463783,10.1021/acsmaterialslett.9b00536,https://doi.org/10.1021/acsmaterialslett.9b00536
3,16872,c1ccc2c(c1)c1ccccc1n2-c1ccc(-c2cc3ccc(-c4ccc5cc(-c6ccc(-n7c8ccccc8c8ccccc87)cc6)oc5c4)cc3o2)cc1,c1ccc2c(c1)c1ccccc1n2-c1ccc(-c2cc3ccc(-c4ccc5cc(-c6ccc(-n7c8ccccc8c8ccccc87)cc6)oc5c4)cc3o2)cc1,367,427,1.8,0.87,,6236.7,3133.1,85.1,57.4,716.2463783,10.1021/acsmaterialslett.9b00536,https://doi.org/10.1021/acsmaterialslett.9b00536
3,16874,c1ccc2c(c1)c1ccccc1n2-c1ccc2cc(-c3ccc(-c4ccc(-c5cc6ccc(-n7c8ccccc8c8ccccc87)cc6o5)cc4)cc3)oc2c1,CN(C)C=O,368,426,1.4,0.96,,4569.1,3966.7,62.3,72.5,716.2463783,10.1021/acsmaterialslett.9b00536,https://doi.org/10.1021/acsmaterialslett.9b00536
3,16875,c1ccc2c(c1)c1ccccc1n2-c1ccc(-c2cc3ccc(-c4ccc5cc(-c6ccc(-n7c8ccccc8c8ccccc87)cc6)oc5c4)cc3o2)cc1,CN(C)C=O,365,409,1.04,1,,4569.1,3167.9,61.3,53.2,716.2463783,10.1021/acsmaterialslett.9b00536,https://doi.org/10.1021/acsmaterialslett.9b00536
3,16878,C(=Cc1ccc(-n2c3ccccc3c3ccccc32)cc1)c1ccc(-c2ccc(C=Cc3ccc(-n4c5ccccc5c5ccccc54)cc3)cc2)cc1,CN(C)C=O,373,430,1.1,0.96,,4504.2,3966.7,63.1,73.9,688.2878492,10.1021/acsmaterialslett.9b00536,https://doi.org/10.1021/acsmaterialslett.9b00536
3,16879,c1ccc2c(c1)c1ccccc1n2-c1ccc2cc(-c3ccc(-c4ccc(-c5cc6ccc(-n7c8ccccc8c8ccccc87)cc6o5)cc4)cc3)oc2c1,ClC(Cl)Cl,368,423,1.1,0.96,,4633.2,3504.8,63.2,63.1,716.2463783,10.1021/acsmaterialslett.9b00536,https://doi.org/10.1021/acsmaterialslett.9b00536
3,16882,c1ccc2c(c1)c1ccccc1n2-c1ccc(-c2cc3ccc(-c4ccc5cc(-c6ccc(-n7c8ccccc8c8ccccc87)cc6)oc5c4)cc3o2)cc1,ClC(Cl)Cl,365,407,0.99,0.96,,4740.3,2717.8,63.6,45.2,716.2463783,10.1021/acsmaterialslett.9b00536,https://doi.org/10.1021/acsmaterialslett.9b00536
3,16884,C(=Cc1ccc(-n2c3ccccc3c3ccccc32)cc1)c1ccc(-c2ccc(C=Cc3ccc(-n4c5ccccc5c5ccccc54)cc3)cc2)cc1,ClC(Cl)Cl,369,423,0.95,0.88,,4518.3,3137,62,56.4,688.2878492,10.1021/acsmaterialslett.9b00536,https://doi.org/10.1021/acsmaterialslett.9b00536
,,,,,,,,,,,,,,,https://doi.org/
4,6971,O=S(=O)(c1ccc(-c2ccc(-n3c4ccccc4c4ccccc43)cc2)cc1)c1ccc(-c2ccc(-n3c4ccccc4c4ccccc43)cc2)cc1,C1CCCCC1,,372.9,,,,,2796.8,,39,700.2184493,10.1021/cm400945h,https://doi.org/10.1021/cm400945h
4,6972,O=S(=O)(c1ccc(-c2ccc(-n3c4ccccc4c4ccccc43)cc2)cc1)c1ccc(-c2ccc(-n3c4ccccc4c4ccccc43)cc2)cc1,Cc1ccccc1,341,399,2.55,1,4.47,3491.5,3006.2,40.7,48,700.2184493,10.1021/cm400945h,https://doi.org/10.1021/cm400945h
4,6973,O=S(=O)(c1ccc(-c2ccc(-n3c4ccccc4c4ccccc43)cc2)cc1)c1ccc(-c2ccc(-n3c4ccccc4c4ccccc43)cc2)cc1,ClC(Cl)Cl,,425.6,,,,,3303,,60.1,700.2184493,10.1021/cm400945h,https://doi.org/10.1021/cm400945h
4,6974,O=S(=O)(c1ccc(-c2ccc(-n3c4ccccc4c4ccccc43)cc2)cc1)c1ccc(-c2ccc(-n3c4ccccc4c4ccccc43)cc2)cc1,C1CCOC1,,432,,,,,3519.4,,66.1,700.2184493,10.1021/cm400945h,https://doi.org/10.1021/cm400945h
4,6975,O=S(=O)(c1ccc(-c2ccc(-n3c4ccccc4c4ccccc43)cc2)cc1)c1ccc(-c2ccc(-n3c4ccccc4c4ccccc43)cc2)cc1,ClCCl,,446.3,,,,,3485,,69.8,700.2184493,10.1021/cm400945h,https://doi.org/10.1021/cm400945h
4,6976,O=S(=O)(c1ccc(-c2ccc(-n3c4ccccc4c4ccccc43)cc2)cc1)c1ccc(-c2ccc(-n3c4ccccc4c4ccccc43)cc2)cc1,CN(C)C=O,,467.2,,,,,4075.7,,89.8,700.2184493,10.1021/cm400945h,https://doi.org/10.1021/cm400945h
4,6977,O=S(=O)(c1ccc(-c2ccc3c(c2)c2ccccc2n3-c2ccccc2)cc1)c1ccc(-c2ccc3c(c2)c2ccccc2n3-c2ccccc2)cc1,C1CCCCC1,,365.1,,,,,2760,,36.9,700.2184493,10.1021/cm400945h,https://doi.org/10.1021/cm400945h
4,6978,O=S(=O)(c1ccc(-c2ccc3c(c2)c2ccccc2n3-c2ccccc2)cc1)c1ccc(-c2ccc3c(c2)c2ccccc2n3-c2ccccc2)cc1,Cc1ccccc1,332,381,1.51,1,4.73,,2842,,41.4,700.2184493,10.1021/cm400945h,https://doi.org/10.1021/cm400945h
4,6979,O=S(=O)(c1ccc(-c2ccc3c(c2)c2ccccc2n3-c2ccccc2)cc1)c1ccc(-c2ccc3c(c2)c2ccccc2n3-c2ccccc2)cc1,ClC(Cl)Cl,,402.5,,,,,2983.9,,48.5,700.2184493,10.1021/cm400945h,https://doi.org/10.1021/cm400945h
4,6980,O=S(=O)(c1ccc(-c2ccc3c(c2)c2ccccc2n3-c2ccccc2)cc1)c1ccc(-c2ccc3c(c2)c2ccccc2n3-c2ccccc2)cc1,C1CCOC1,,403.3,,,,,3162.6,,51.6,700.2184493,10.1021/cm400945h,https://doi.org/10.1021/cm400945h
4,6981,O=S(=O)(c1ccc(-c2ccc3c(c2)c2ccccc2n3-c2ccccc2)cc1)c1ccc(-c2ccc3c(c2)c2ccccc2n3-c2ccccc2)cc1,ClCCl,,415.9,,,,,3350.2,,58.2,700.2184493,10.1021/cm400945h,https://doi.org/10.1021/cm400945h
4,6982,O=S(=O)(c1ccc(-c2ccc3c(c2)c2ccccc2n3-c2ccccc2)cc1)c1ccc(-c2ccc3c(c2)c2ccccc2n3-c2ccccc2)cc1,CN(C)C=O,,431.8,,,,,3516.8,,66,700.2184493,10.1021/cm400945h,https://doi.org/10.1021/cm400945h
4,6983,O=S(=O)(c1ccc(-c2ccc(-n3c4ccccc4c4ccccc43)cc2)cc1)c1ccc(-c2ccc(-n3c4ccccc4c4ccccc43)cc2)cc1,O=S(=O)(c1ccc(-c2ccc(-n3c4ccccc4c4ccccc43)cc2)cc1)c1ccc(-c2ccc(-n3c4ccccc4c4ccccc43)cc2)cc1,346,428,,0.98,,4885.5,2943.2,58.9,54.1,700.2184493,10.1021/cm400945h,https://doi.org/10.1021/cm400945h
4,6984,O=S(=O)(c1ccc(-c2ccc3c(c2)c2ccccc2n3-c2ccccc2)cc1)c1ccc(-c2ccc3c(c2)c2ccccc2n3-c2ccccc2)cc1,O=S(=O)(c1ccc(-c2ccc3c(c2)c2ccccc2n3-c2ccccc2)cc1)c1ccc(-c2ccc3c(c2)c2ccccc2n3-c2ccccc2)cc1,347,416,,0.79,,,2865.4,,49.8,700.2184493,10.1021/cm400945h,https://doi.org/10.1021/cm400945h
,,,,,,,,,,,,,,,https://doi.org/
5,3157,COC(=O)C(Cc1ccc2oc(-c3ccc(-n4c5ccccc5c5ccccc54)cc3)nc2c1)NC(=O)OC(C)(C)C,CO,339.7,466,5.34,0.36,,,4749.3,,104.4,561.2263711,10.1039/c2pp25114k,https://doi.org/10.1039/c2pp25114k
5,3158,COC(=O)C(Cc1ccc2oc(-c3ccc(-n4c5ccccc5c5ccccc54)cc3)nc2c1)NC(=O)OC(C)(C)C,CCO,340.5,445,5.3,0.63,,,,,,561.2263711,10.1039/c2pp25114k,https://doi.org/10.1039/c2pp25114k
5,3159,COC(=O)C(Cc1ccc2oc(-c3ccc(-n4c5ccccc5c5ccccc54)cc3)nc2c1)NC(=O)OC(C)(C)C,CCCCO,341.8,430,4.52,0.69,,,,,,561.2263711,10.1039/c2pp25114k,https://doi.org/10.1039/c2pp25114k
5,3160,COC(=O)C(Cc1ccc2oc(-c3ccc(-n4c5ccccc5c5ccccc54)cc3)nc2c1)NC(=O)OC(C)(C)C,CC(C)(C)O,341.8,421,4.03,0.81,,,,,,561.2263711,10.1039/c2pp25114k,https://doi.org/10.1039/c2pp25114k
5,3161,COC(=O)C(Cc1ccc2oc(-c3ccc(-n4c5ccccc5c5ccccc54)cc3)nc2c1)NC(=O)OC(C)(C)C,CC(C)O,340.5,431,4.49,0.59,,,,,,561.2263711,10.1039/c2pp25114k,https://doi.org/10.1039/c2pp25114k
5,3162,COC(=O)C(Cc1ccc2oc(-c3ccc(-n4c5ccccc5c5ccccc54)cc3)nc2c1)NC(=O)OC(C)(C)C,CCCCCO,340.8,409,3.36,0.77,,,,,,561.2263711,10.1039/c2pp25114k,https://doi.org/10.1039/c2pp25114k
5,3163,COC(=O)C(Cc1ccc2oc(-c3ccc(-n4c5ccccc5c5ccccc54)cc3)nc2c1)NC(=O)OC(C)(C)C,CCCCCCO,342.6,424,4.11,0.73,,,,,,561.2263711,10.1039/c2pp25114k,https://doi.org/10.1039/c2pp25114k
5,3164,COC(=O)C(Cc1ccc2oc(-c3ccc(-n4c5ccccc5c5ccccc54)cc3)nc2c1)NC(=O)OC(C)(C)C,CCCCCCCO,342.5,422,4,0.65,,,,,,561.2263711,10.1039/c2pp25114k,https://doi.org/10.1039/c2pp25114k
5,3165,COC(=O)C(Cc1ccc2oc(-c3ccc(-n4c5ccccc5c5ccccc54)cc3)nc2c1)NC(=O)OC(C)(C)C,OCCO,343.2,470,6.174,0.52,,,4656.4,,104.1,561.2263711,10.1039/c2pp25114k,https://doi.org/10.1039/c2pp25114k
5,3166,COC(=O)C(Cc1ccc2oc(-c3ccc(-n4c5ccccc5c5ccccc54)cc3)nc2c1)NC(=O)OC(C)(C)C,CC(O)CO,342.3,455,5.74,0.55,,,,,,561.2263711,10.1039/c2pp25114k,https://doi.org/10.1039/c2pp25114k
5,3167,COC(=O)C(Cc1ccc2oc(-c3ccc(-n4c5ccccc5c5ccccc54)cc3)nc2c1)NC(=O)OC(C)(C)C,CC(C)=O,340.7,433,4.28,0.44,,,,,,561.2263711,10.1039/c2pp25114k,https://doi.org/10.1039/c2pp25114k
5,3168,COC(=O)C(Cc1ccc2oc(-c3ccc(-n4c5ccccc5c5ccccc54)cc3)nc2c1)NC(=O)OC(C)(C)C,CC#N,340,447,5.02,0.46,,,,,,561.2263711,10.1039/c2pp25114k,https://doi.org/10.1039/c2pp25114k
5,3169,COC(=O)C(Cc1ccc2oc(-c3ccc(-n4c5ccccc5c5ccccc54)cc3)nc2c1)NC(=O)OC(C)(C)C,C1CCCCC1,340,362,1.367,0.94,,3723.9,2440.8,43.2,32,561.2263711,10.1039/c2pp25114k,https://doi.org/10.1039/c2pp25114k
5,3170,COC(=O)C(Cc1ccc2oc(-c3ccc(-n4c5ccccc5c5ccccc54)cc3)nc2c1)NC(=O)OC(C)(C)C,CC(C)CC(C)(C)C,339.9,361,1.3,0.55,,,,,,561.2263711,10.1039/c2pp25114k,https://doi.org/10.1039/c2pp25114k
5,3171,COC(=O)C(Cc1ccc2oc(-c3ccc(-n4c5ccccc5c5ccccc54)cc3)nc2c1)NC(=O)OC(C)(C)C,C1COCCO1,341.4,400,2.49,0.62,,,,,,561.2263711,10.1039/c2pp25114k,https://doi.org/10.1039/c2pp25114k
5,3172,COC(=O)C(Cc1ccc2oc(-c3ccc(-n4c5ccccc5c5ccccc54)cc3)nc2c1)NC(=O)OC(C)(C)C,C1CCOC1,341.8,429,3.32,0.53,,,4298.5,,79.8,561.2263711,10.1039/c2pp25114k,https://doi.org/10.1039/c2pp25114k
5,3173,COC(=O)C(Cc1ccc2oc(-c3ccc(-n4c5ccccc5c5ccccc54)cc3)nc2c1)NC(=O)OC(C)(C)C,CC1CCCO1,341.4,404,2.78,0.52,,,,,,561.2263711,10.1039/c2pp25114k,https://doi.org/10.1039/c2pp25114k
5,3174,COC(=O)C(Cc1ccc2oc(-c3ccc(-n4c5ccccc5c5ccccc54)cc3)nc2c1)NC(=O)OC(C)(C)C,CCOCC,339.6,402.3,2.8,0.56,,,,,,561.2263711,10.1039/c2pp25114k,https://doi.org/10.1039/c2pp25114k
5,3175,COC(=O)C(Cc1ccc2oc(-c3ccc(-n4c5ccccc5c5ccccc54)cc3)nc2c1)NC(=O)OC(C)(C)C,Cc1ccccc1,342.6,391,1.84,0.69,,,3533.2,,54.3,561.2263711,10.1039/c2pp25114k,https://doi.org/10.1039/c2pp25114k
5,3176,COC(=O)C(Cc1ccc2oc(-c3ccc(-n4c5ccccc5c5ccccc54)cc3)nc2c1)NC(=O)OC(C)(C)C,CCOC(C)=O,340,409,3.08,0.54,,,,,,561.2263711,10.1039/c2pp25114k,https://doi.org/10.1039/c2pp25114k
5,3177,COC(=O)C(Cc1ccc2oc(-c3ccc(-n4c5ccccc5c5ccccc54)cc3)nc2c1)NC(=O)OC(C)(C)C,CN(C)C=O,342.1,438,4.97,0.58,,,,,,561.2263711,10.1039/c2pp25114k,https://doi.org/10.1039/c2pp25114k
5,3178,COC(=O)C(Cc1ccc2oc(-c3ccc(-n4c5ccccc5c5ccccc54)cc3)nc2c1)NC(=O)OC(C)(C)C,CS(C)=O,343.6,446,5.45,0.47,,,,,,561.2263711,10.1039/c2pp25114k,https://doi.org/10.1039/c2pp25114k
5,3179,COC(=O)C(Cc1ccc2oc(-c3ccc4c(c3)c3ccccc3n4-c3ccccc3)nc2c1)NC(=O)OC(C)(C)C,CO,334.2,392.9,1.72,0.99,,,3633.3,,56.4,561.2263711,10.1039/c2pp25114k,https://doi.org/10.1039/c2pp25114k
5,3180,COC(=O)C(Cc1ccc2oc(-c3ccc4c(c3)c3ccccc3n4-c3ccccc3)nc2c1)NC(=O)OC(C)(C)C,CCO,334.7,390,1.66,1,,,,,,561.2263711,10.1039/c2pp25114k,https://doi.org/10.1039/c2pp25114k
5,3181,COC(=O)C(Cc1ccc2oc(-c3ccc4c(c3)c3ccccc3n4-c3ccccc3)nc2c1)NC(=O)OC(C)(C)C,CCCCO,327.4,385.5,1.54,1,,,,,,561.2263711,10.1039/c2pp25114k,https://doi.org/10.1039/c2pp25114k
5,3182,COC(=O)C(Cc1ccc2oc(-c3ccc4c(c3)c3ccccc3n4-c3ccccc3)nc2c1)NC(=O)OC(C)(C)C,CC(C)CO,335.8,385,1.55,1,,,,,,561.2263711,10.1039/c2pp25114k,https://doi.org/10.1039/c2pp25114k
5,3183,COC(=O)C(Cc1ccc2oc(-c3ccc4c(c3)c3ccccc3n4-c3ccccc3)nc2c1)NC(=O)OC(C)(C)C,CC(C)O,327,384.5,1.57,1,,,,,,561.2263711,10.1039/c2pp25114k,https://doi.org/10.1039/c2pp25114k
5,3184,COC(=O)C(Cc1ccc2oc(-c3ccc4c(c3)c3ccccc3n4-c3ccccc3)nc2c1)NC(=O)OC(C)(C)C,CCCCCO,327.3,381,1.54,1,,,,,,561.2263711,10.1039/c2pp25114k,https://doi.org/10.1039/c2pp25114k
5,3185,COC(=O)C(Cc1ccc2oc(-c3ccc4c(c3)c3ccccc3n4-c3ccccc3)nc2c1)NC(=O)OC(C)(C)C,CCCCCCO,328.2,386,1.56,0.94,,,,,,561.2263711,10.1039/c2pp25114k,https://doi.org/10.1039/c2pp25114k
5,3186,COC(=O)C(Cc1ccc2oc(-c3ccc4c(c3)c3ccccc3n4-c3ccccc3)nc2c1)NC(=O)OC(C)(C)C,OC1CCCCC1,328.6,384,1.58,0.95,,,,,,561.2263711,10.1039/c2pp25114k,https://doi.org/10.1039/c2pp25114k
5,3187,COC(=O)C(Cc1ccc2oc(-c3ccc4c(c3)c3ccccc3n4-c3ccccc3)nc2c1)NC(=O)OC(C)(C)C,CCCCCCCO,328.3,383,1.55,1,,,,,,561.2263711,10.1039/c2pp25114k,https://doi.org/10.1039/c2pp25114k
5,3188,COC(=O)C(Cc1ccc2oc(-c3ccc4c(c3)c3ccccc3n4-c3ccccc3)nc2c1)NC(=O)OC(C)(C)C,OCCO,338.9,397,1.84,1,,,3624.9,,57.4,561.2263711,10.1039/c2pp25114k,https://doi.org/10.1039/c2pp25114k
5,3189,COC(=O)C(Cc1ccc2oc(-c3ccc4c(c3)c3ccccc3n4-c3ccccc3)nc2c1)NC(=O)OC(C)(C)C,CC(O)CO,338,396.5,1.74,1,,,,,,561.2263711,10.1039/c2pp25114k,https://doi.org/10.1039/c2pp25114k
5,3190,COC(=O)C(Cc1ccc2oc(-c3ccc4c(c3)c3ccccc3n4-c3ccccc3)nc2c1)NC(=O)OC(C)(C)C,NC=O,327.7,404,1.86,0.82,,,,,,561.2263711,10.1039/c2pp25114k,https://doi.org/10.1039/c2pp25114k
5,3191,COC(=O)C(Cc1ccc2oc(-c3ccc4c(c3)c3ccccc3n4-c3ccccc3)nc2c1)NC(=O)OC(C)(C)C,CC(C)=O,325.9,379,1.75,0.63,,,,,,561.2263711,10.1039/c2pp25114k,https://doi.org/10.1039/c2pp25114k
5,3192,COC(=O)C(Cc1ccc2oc(-c3ccc4c(c3)c3ccccc3n4-c3ccccc3)nc2c1)NC(=O)OC(C)(C)C,CC#N,325.9,382,1.77,0.99,,,,,,561.2263711,10.1039/c2pp25114k,https://doi.org/10.1039/c2pp25114k
5,3193,COC(=O)C(Cc1ccc2oc(-c3ccc4c(c3)c3ccccc3n4-c3ccccc3)nc2c1)NC(=O)OC(C)(C)C,ClC(Cl)Cl,329.7,384.5,1.32,0.93,,,,,,561.2263711,10.1039/c2pp25114k,https://doi.org/10.1039/c2pp25114k
5,3194,COC(=O)C(Cc1ccc2oc(-c3ccc4c(c3)c3ccccc3n4-c3ccccc3)nc2c1)NC(=O)OC(C)(C)C,ClCCl,328.8,382,1.5,0.94,,,,,,561.2263711,10.1039/c2pp25114k,https://doi.org/10.1039/c2pp25114k
5,3195,COC(=O)C(Cc1ccc2oc(-c3ccc4c(c3)c3ccccc3n4-c3ccccc3)nc2c1)NC(=O)OC(C)(C)C,CCCCC,324.5,372.5,2.66,0.59,,,,,,561.2263711,10.1039/c2pp25114k,https://doi.org/10.1039/c2pp25114k
5,3196,COC(=O)C(Cc1ccc2oc(-c3ccc4c(c3)c3ccccc3n4-c3ccccc3)nc2c1)NC(=O)OC(C)(C)C,CCC(C)CC,324.4,372.5,2.25,0.59,,,,,,561.2263711,10.1039/c2pp25114k,https://doi.org/10.1039/c2pp25114k
5,3197,COC(=O)C(Cc1ccc2oc(-c3ccc4c(c3)c3ccccc3n4-c3ccccc3)nc2c1)NC(=O)OC(C)(C)C,C1CCCCC1,326,374,2.29,0.76,,,3095.7,,43.4,561.2263711,10.1039/c2pp25114k,https://doi.org/10.1039/c2pp25114k
5,3198,COC(=O)C(Cc1ccc2oc(-c3ccc4c(c3)c3ccccc3n4-c3ccccc3)nc2c1)NC(=O)OC(C)(C)C,CCCCCC,325.3,373,2.23,0.58,,,,,,561.2263711,10.1039/c2pp25114k,https://doi.org/10.1039/c2pp25114k
5,3199,COC(=O)C(Cc1ccc2oc(-c3ccc4c(c3)c3ccccc3n4-c3ccccc3)nc2c1)NC(=O)OC(C)(C)C,CC(C)CC(C)(C)C,325.1,373,2.22,0.86,,,,,,561.2263711,10.1039/c2pp25114k,https://doi.org/10.1039/c2pp25114k
5,3200,COC(=O)C(Cc1ccc2oc(-c3ccc4c(c3)c3ccccc3n4-c3ccccc3)nc2c1)NC(=O)OC(C)(C)C,CCCCCCCCC,326,374.5,2.3,0.72,,,,,,561.2263711,10.1039/c2pp25114k,https://doi.org/10.1039/c2pp25114k
5,3201,COC(=O)C(Cc1ccc2oc(-c3ccc4c(c3)c3ccccc3n4-c3ccccc3)nc2c1)NC(=O)OC(C)(C)C,CCCCCCCCCC,326.2,374,2.33,0.75,,,,,,561.2263711,10.1039/c2pp25114k,https://doi.org/10.1039/c2pp25114k
5,3202,COC(=O)C(Cc1ccc2oc(-c3ccc4c(c3)c3ccccc3n4-c3ccccc3)nc2c1)NC(=O)OC(C)(C)C,COCCOC,326.8,382,1.2,0.7,,,3776.7,,55.4,561.2263711,10.1039/c2pp25114k,https://doi.org/10.1039/c2pp25114k
5,3203,COC(=O)C(Cc1ccc2oc(-c3ccc4c(c3)c3ccccc3n4-c3ccccc3)nc2c1)NC(=O)OC(C)(C)C,C1COCCO1,327.3,379.5,1.96,1,,,,,,561.2263711,10.1039/c2pp25114k,https://doi.org/10.1039/c2pp25114k
5,3204,COC(=O)C(Cc1ccc2oc(-c3ccc4c(c3)c3ccccc3n4-c3ccccc3)nc2c1)NC(=O)OC(C)(C)C,C1CCOC1,327.3,380.5,1.73,0.84,,,3510.8,,51.1,561.2263711,10.1039/c2pp25114k,https://doi.org/10.1039/c2pp25114k
5,3205,COC(=O)C(Cc1ccc2oc(-c3ccc4c(c3)c3ccccc3n4-c3ccccc3)nc2c1)NC(=O)OC(C)(C)C,CC1CCCO1,326.9,379,1.83,0.93,,,,,,561.2263711,10.1039/c2pp25114k,https://doi.org/10.1039/c2pp25114k
5,3206,COC(=O)C(Cc1ccc2oc(-c3ccc4c(c3)c3ccccc3n4-c3ccccc3)nc2c1)NC(=O)OC(C)(C)C,CCOCC,325.3,376.5,2.13,0.68,,,,,,561.2263711,10.1039/c2pp25114k,https://doi.org/10.1039/c2pp25114k
5,3207,COC(=O)C(Cc1ccc2oc(-c3ccc4c(c3)c3ccccc3n4-c3ccccc3)nc2c1)NC(=O)OC(C)(C)C,CC(C)OC(C)C,327.4,384.5,1.66,0.55,,,,,,561.2263711,10.1039/c2pp25114k,https://doi.org/10.1039/c2pp25114k
5,3208,COC(=O)C(Cc1ccc2oc(-c3ccc4c(c3)c3ccccc3n4-c3ccccc3)nc2c1)NC(=O)OC(C)(C)C,CC1COC(=O)O1,326,377.8,1.83,1,,,,,,561.2263711,10.1039/c2pp25114k,https://doi.org/10.1039/c2pp25114k
5,3209,COC(=O)C(Cc1ccc2oc(-c3ccc4c(c3)c3ccccc3n4-c3ccccc3)nc2c1)NC(=O)OC(C)(C)C,c1ccccc1,328.8,380.5,1.67,0.97,,,,,,561.2263711,10.1039/c2pp25114k,https://doi.org/10.1039/c2pp25114k
5,3210,COC(=O)C(Cc1ccc2oc(-c3ccc4c(c3)c3ccccc3n4-c3ccccc3)nc2c1)NC(=O)OC(C)(C)C,Cc1ccccc1,328.9,379.5,1.66,0.78,,,3354.2,,48.5,561.2263711,10.1039/c2pp25114k,https://doi.org/10.1039/c2pp25114k
5,3211,COC(=O)C(Cc1ccc2oc(-c3ccc4c(c3)c3ccccc3n4-c3ccccc3)nc2c1)NC(=O)OC(C)(C)C,Cc1ccccc1C,329.1,379.5,1.76,0.92,,,,,,561.2263711,10.1039/c2pp25114k,https://doi.org/10.1039/c2pp25114k
5,3212,COC(=O)C(Cc1ccc2oc(-c3ccc4c(c3)c3ccccc3n4-c3ccccc3)nc2c1)NC(=O)OC(C)(C)C,CCOC(C)=O,325.6,378.5,1.87,0.96,,,,,,561.2263711,10.1039/c2pp25114k,https://doi.org/10.1039/c2pp25114k
5,3213,COC(=O)C(Cc1ccc2oc(-c3ccc4c(c3)c3ccccc3n4-c3ccccc3)nc2c1)NC(=O)OC(C)(C)C,CN(C)C=O,327.9,384.5,1.73,1,,,3633.7,,54,561.2263711,10.1039/c2pp25114k,https://doi.org/10.1039/c2pp25114k
5,3214,COC(=O)C(Cc1ccc2oc(-c3ccc4c(c3)c3ccccc3n4-c3ccccc3)nc2c1)NC(=O)OC(C)(C)C,CS(C)=O,332.6,389,1.69,0.88,,,3601.7,,54.8,561.2263711,10.1039/c2pp25114k,https://doi.org/10.1039/c2pp25114k
,,,,,,,,,,,,,,,https://doi.org/
6,13157,CN(C)c1ccc(-c2cc(=O)c3ccccc3o2)cc1,C1CCCCC1,351,382.4,0.65,0.007,,,2346.7,,34.4,265.1102787,10.1016/0022-2313(94)90073-6,https://doi.org/10.1016/0022-2313(94)90073-6
6,13158,CN(C)c1ccc(-c2cc(=O)c3ccccc3o2)cc1,CCOC(C)=O,366,433.7,2.29,,,,2589,,48.9,265.1102787,10.1016/0022-2313(94)90073-6,https://doi.org/10.1016/0022-2313(94)90073-6
6,13159,CN(C)c1ccc(-c2cc(=O)c3ccccc3o2)cc1,CC#N,373,462.7,2.54,0.96,,,2683.7,,57.7,265.1102787,10.1016/0022-2313(94)90073-6,https://doi.org/10.1016/0022-2313(94)90073-6
6,13160,CN(C)c1ccc(-c2cc(=O)c3ccccc3o2)cc1,C1CCOC1,,,2.01,1,,,,,,265.1102787,10.1016/0022-2313(94)90073-6,https://doi.org/10.1016/0022-2313(94)90073-6
6,13161,CN(C)c1ccc(-c2cc(=O)c3ccccc3o2)cc1,CO,,,,0.095,,,,,,265.1102787,10.1016/0022-2313(94)90073-6,https://doi.org/10.1016/0022-2313(94)90073-6
6,13162,CN(C)c1ccc(-c2cc(=O)c3ccccc3o2)cc1,CCOCC,,,0.78,,,,,,,265.1102787,10.1016/0022-2313(94)90073-6,https://doi.org/10.1016/0022-2313(94)90073-6
6,13163,COc1c(-c2ccc(N(C)C)cc2)oc2ccccc2c1=O,C1CCCCC1,361,413.9,0.67,0.048,,,3118.5,,53.6,295.1208434,10.1016/0022-2313(94)90073-6,https://doi.org/10.1016/0022-2313(94)90073-6
6,13164,COc1c(-c2ccc(N(C)C)cc2)oc2ccccc2c1=O,CCOC(C)=O,372,468.7,1.67,,,,2826.5,,62.4,295.1208434,10.1016/0022-2313(94)90073-6,https://doi.org/10.1016/0022-2313(94)90073-6
6,13165,COc1c(-c2ccc(N(C)C)cc2)oc2ccccc2c1=O,CC#N,375,490.5,2.71,0.69,,,2802.7,,67.7,295.1208434,10.1016/0022-2313(94)90073-6,https://doi.org/10.1016/0022-2313(94)90073-6
6,13166,COc1c(-c2ccc(N(C)C)cc2)oc2ccccc2c1=O,C1CCOC1,,,2.05,0.88,,,,,,295.1208434,10.1016/0022-2313(94)90073-6,https://doi.org/10.1016/0022-2313(94)90073-6
6,13167,COc1c(-c2ccc(N(C)C)cc2)oc2ccccc2c1=O,CO,,,,0.021,,,,,,295.1208434,10.1016/0022-2313(94)90073-6,https://doi.org/10.1016/0022-2313(94)90073-6
6,13168,COc1c(-c2ccc(N(C)C)cc2)oc2ccccc2c1=O,CCOCC,,,0.88,,,,,,,295.1208434,10.1016/0022-2313(94)90073-6,https://doi.org/10.1016/0022-2313(94)90073-6
6,13169,CN(C)c1ccc2c(c1)COc1c-2oc2ccccc2c1=O,C1CCCCC1,370,411.4,0.99,0.5,,,4477,,76.4,293.1051933,10.1016/0022-2313(94)90073-6,https://doi.org/10.1016/0022-2313(94)90073-6
6,13170,CN(C)c1ccc2c(c1)COc1c-2oc2ccccc2c1=O,CCOC(C)=O,388,461.1,2.54,,,,2950,,63,293.1051933,10.1016/0022-2313(94)90073-6,https://doi.org/10.1016/0022-2313(94)90073-6
6,13171,CN(C)c1ccc2c(c1)COc1c-2oc2ccccc2c1=O,CC#N,396,491.4,2.87,0.86,,,2722.4,,66,293.1051933,10.1016/0022-2313(94)90073-6,https://doi.org/10.1016/0022-2313(94)90073-6
6,13172,CN(C)c1ccc2c(c1)COc1c-2oc2ccccc2c1=O,C1CCOC1,,,2.33,0.91,,,,,,293.1051933,10.1016/0022-2313(94)90073-6,https://doi.org/10.1016/0022-2313(94)90073-6
6,13173,CN(C)c1ccc2c(c1)COc1c-2oc2ccccc2c1=O,CO,,,,0.68,,,,,,293.1051933,10.1016/0022-2313(94)90073-6,https://doi.org/10.1016/0022-2313(94)90073-6
6,13174,CN(C)c1ccc2c(c1)COc1c-2oc2ccccc2c1=O,CCOCC,,,2.39,,,,,,,293.1051933,10.1016/0022-2313(94)90073-6,https://doi.org/10.1016/0022-2313(94)90073-6
,,,,,,,,,,,,,,,https://doi.org/
7,5479,CC(=O)[B-]1(C(C)=O)OC(c2ccccc2)=CC(c2ccccc2)=[O+]1,ClC(Cl)(Cl)Cl,382,402,2.1,0.9,,3276.3,3093.5,48,50.2,320.1219894,10.1016/0047-2670(86)87007-1,https://doi.org/10.1016/0047-2670(86)87007-1
7,5480,COc1ccc(C2=CC(c3ccc(OC)cc3)=[O+][B-](C(C)=O)(C(C)=O)O2)cc1,ClC(Cl)(Cl)Cl,405,420,2.1,1,,2988.3,2134.8,49.2,37.7,380.1431188,10.1016/0047-2670(86)87007-1,https://doi.org/10.1016/0047-2670(86)87007-1
7,5481,CC(=O)[B-]1(C(C)=O)OC(C)=CC(c2ccc3ccccc3c2)=[O+]1,ClC(Cl)(Cl)Cl,380,400,1.6,0.16,,4121.3,2831.2,59.9,45.4,308.1219894,10.1016/0047-2670(86)87007-1,https://doi.org/10.1016/0047-2670(86)87007-1
7,5482,CC(=O)[B-]1(C(C)=O)OC(c2ccccc2)=CC(c2ccc3ccccc3c2)=[O+]1,ClC(Cl)(Cl)Cl,400,419,1.1,0.58,,4393.9,1981.2,70.8,34.8,370.1376395,10.1016/0047-2670(86)87007-1,https://doi.org/10.1016/0047-2670(86)87007-1
7,5483,COc1ccc(C2=CC(c3ccc4ccccc4c3)=[O+][B-](C(C)=O)(C(C)=O)O2)cc1,ClC(Cl)(Cl)Cl,413,425,1.2,0.8,,3287.2,2338.3,56.3,42.3,400.1482042,10.1016/0047-2670(86)87007-1,https://doi.org/10.1016/0047-2670(86)87007-1
7,5484,CC(=O)[B-]1(C(C)=O)OC(c2ccc3ccccc3c2)=CC(c2ccc3ccccc3c2)=[O+]1,ClC(Cl)(Cl)Cl,415,488,1.1,0.61,,3953.9,1863.5,68.6,44.5,420.1532896,10.1016/0047-2670(86)87007-1,https://doi.org/10.1016/0047-2670(86)87007-1
7,5485,O=C1O[B-]2(OC1=O)OC(c1ccccc1)=CC(c1ccccc1)=[O+]2,ClC(Cl)(Cl)Cl,384,496,1.1,0.5,,,,,,322.0648685,10.1016/0047-2670(86)87007-1,https://doi.org/10.1016/0047-2670(86)87007-1
7,5486,CC1=CC(c2ccc3ccccc3c2)=[O+][B-]2(OC(=O)C(=O)O2)O1,ClC(Cl)(Cl)Cl,400,422,5.1,0.06,,,,,,310.0648685,10.1016/0047-2670(86)87007-1,https://doi.org/10.1016/0047-2670(86)87007-1
7,5487,O=C1O[B-]2(OC1=O)OC(c1ccccc1)=CC(c1ccc3ccccc3c1)=[O+]2,ClC(Cl)(Cl)Cl,435,451,1.6,0.48,,,,,,372.0805185,10.1016/0047-2670(86)87007-1,https://doi.org/10.1016/0047-2670(86)87007-1
7,5488,O=C1O[B-]2(OC1=O)OC(c1ccc3ccccc3c1)=CC(c1ccc3ccccc3c1)=[O+]2,ClC(Cl)(Cl)Cl,438,451,1.8,0.8,,4615.8,1911,89.5,38.9,422.0961686,10.1016/0047-2670(86)87007-1,https://doi.org/10.1016/0047-2670(86)87007-1
7,5489,CC1=[O+][B-]2(OC(=O)C(=O)O2)OC(c2c3ccccc3cc3ccccc23)=C1,ClC(Cl)(Cl)Cl,494,514,1.2,0.1,,,,,,360.0805185,10.1016/0047-2670(86)87007-1,https://doi.org/10.1016/0047-2670(86)87007-1
7,5490,F[B-]1(F)OC(c2ccccc2)=CC(c2ccccc2)=[O+]1,ClC(Cl)(Cl)Cl,375,389,0.22,0.15,,,,,,272.0820164,10.1016/0047-2670(86)87007-1,https://doi.org/10.1016/0047-2670(86)87007-1
7,5491,F[B-]1(F)OC(c2ccc3ccccc3c2)=CC(c2ccc3ccccc3c2)=[O+]1,ClC(Cl)(Cl)Cl,412,428,1.1,0.9,,,,,,372.1133166,10.1016/0047-2670(86)87007-1,https://doi.org/10.1016/0047-2670(86)87007-1
7,5492,CC(=O)[B-]1(C(C)=O)OC(c2ccccc2)=CC(c2ccccc2)=[O+]1,CC#N,377,400,1.5,0.8,,,2640.7,,42.4,320.1219894,10.1016/0047-2670(86)87007-1,https://doi.org/10.1016/0047-2670(86)87007-1
7,5493,COc1ccc(C2=CC(c3ccc(OC)cc3)=[O+][B-](C(C)=O)(C(C)=O)O2)cc1,CC#N,410,435,2.1,0.7,,,2295.7,,43.5,380.1431188,10.1016/0047-2670(86)87007-1,https://doi.org/10.1016/0047-2670(86)87007-1
7,5494,CC(=O)[B-]1(C(C)=O)OC(C)=CC(c2ccc3ccccc3c2)=[O+]1,CC#N,380,470,13.6,0.13,,,3440.7,,76.5,308.1219894,10.1016/0047-2670(86)87007-1,https://doi.org/10.1016/0047-2670(86)87007-1
7,5495,CC(=O)[B-]1(C(C)=O)OC(c2ccccc2)=CC(c2ccc3ccccc3c2)=[O+]1,CC#N,400,510,9.4,0.52,,,3904.5,,102.6,370.1376395,10.1016/0047-2670(86)87007-1,https://doi.org/10.1016/0047-2670(86)87007-1
7,5496,COc1ccc(C2=CC(c3ccc4ccccc4c3)=[O+][B-](C(C)=O)(C(C)=O)O2)cc1,CC#N,411,457,3,0.6,,,3357.3,,70.5,400.1482042,10.1016/0047-2670(86)87007-1,https://doi.org/10.1016/0047-2670(86)87007-1
7,5497,CC(=O)[B-]1(C(C)=O)OC(c2ccc3ccccc3c2)=CC(c2ccc3ccccc3c2)=[O+]1,CC#N,420,505,5.5,0.56,,,4209,,108.6,420.1532896,10.1016/0047-2670(86)87007-1,https://doi.org/10.1016/0047-2670(86)87007-1
7,5498,O=C1O[B-]2(OC1=O)OC(c1ccccc1)=CC(c1ccccc1)=[O+]2,CC#N,384,403,1.4,0.41,,,,,,322.0648685,10.1016/0047-2670(86)87007-1,https://doi.org/10.1016/0047-2670(86)87007-1
7,5499,CC1=CC(c2ccc3ccccc3c2)=[O+][B-]2(OC(=O)C(=O)O2)O1,CC#N,400,510,18.8,0.03,,,,,,310.0648685,10.1016/0047-2670(86)87007-1,https://doi.org/10.1016/0047-2670(86)87007-1
7,5500,O=C1O[B-]2(OC1=O)OC(c1ccccc1)=CC(c1ccc3ccccc3c1)=[O+]2,CC#N,435,555,5.4,0.4,,,,,,372.0805185,10.1016/0047-2670(86)87007-1,https://doi.org/10.1016/0047-2670(86)87007-1
7,5501,O=C1O[B-]2(OC1=O)OC(c1ccc3ccccc3c1)=CC(c1ccc3ccccc3c1)=[O+]2,CC#N,435,550,4.6,0.3,,,3759,,114.9,422.0961686,10.1016/0047-2670(86)87007-1,https://doi.org/10.1016/0047-2670(86)87007-1
7,5502,CC1=[O+][B-]2(OC(=O)C(=O)O2)OC(c2c3ccccc3cc3ccccc23)=C1,CC#N,494,527,2.1,0.02,,,,,,360.0805185,10.1016/0047-2670(86)87007-1,https://doi.org/10.1016/0047-2670(86)87007-1
7,5503,F[B-]1(F)OC(c2ccccc2)=CC(c2ccccc2)=[O+]1,CC#N,376,398,0.35,0.8,,,,,,272.0820164,10.1016/0047-2670(86)87007-1,https://doi.org/10.1016/0047-2670(86)87007-1
7,5504,F[B-]1(F)OC(c2ccc3ccccc3c2)=CC(c2ccc3ccccc3c2)=[O+]1,CC#N,419,510,5.6,0.7,,,,,,372.1133166,10.1016/0047-2670(86)87007-1,https://doi.org/10.1016/0047-2670(86)87007-1
,,,,,,,,,,,,,,,https://doi.org/
8,5875,CN(C)c1ccc(C=CC(=O)c2ccccc2)cc1,C1CCCCC1,,,,0.001,,,,,,251.1310142,10.1016/1010-6030(94)03921-g,https://doi.org/10.1016/1010-6030(94)03921-g
8,5876,CN(C)c1ccc(C=CC(=O)c2ccccc2)cc1,Cc1ccccc1,393,468,,0.037,4.57,,,,,251.1310142,10.1016/1010-6030(94)03921-g,https://doi.org/10.1016/1010-6030(94)03921-g
8,5877,CN(C)c1ccc(C=CC(=O)c2ccccc2)cc1,CCOCC,,,,0.054,,,,,,251.1310142,10.1016/1010-6030(94)03921-g,https://doi.org/10.1016/1010-6030(94)03921-g
8,5878,CN(C)c1ccc(C=CC(=O)c2ccccc2)cc1,CCOC(C)=O,399,498,0.74,0.21,4.49,,2995.3,,74.7,251.1310142,10.1016/1010-6030(94)03921-g,https://doi.org/10.1016/1010-6030(94)03921-g
8,5879,CN(C)c1ccc(C=CC(=O)c2ccccc2)cc1,C1CCOC1,404,506,,0.24,,,,,,251.1310142,10.1016/1010-6030(94)03921-g,https://doi.org/10.1016/1010-6030(94)03921-g
8,5880,CN(C)c1ccc(C=CC(=O)c2ccccc2)cc1,CC(C)=O,407,519,,0.33,,4150.5,2268.6,69.2,61.3,251.1310142,10.1016/1010-6030(94)03921-g,https://doi.org/10.1016/1010-6030(94)03921-g
8,5881,CN(C)c1ccc(C=CC(=O)c2ccccc2)cc1,CC#N,415,536,0.7,0.13,4.56,,2421.6,,69.9,251.1310142,10.1016/1010-6030(94)03921-g,https://doi.org/10.1016/1010-6030(94)03921-g
8,5882,CN(C)c1ccc(C=C2Cc3ccccc3C2=O)cc1,Cc1ccccc1,411,467,,0.039,4.45,,,,,263.1310142,10.1016/1010-6030(94)03921-g,https://doi.org/10.1016/1010-6030(94)03921-g
8,5883,CN(C)c1ccc(C=C2Cc3ccccc3C2=O)cc1,CCOCC,,,,0.046,,,,,,263.1310142,10.1016/1010-6030(94)03921-g,https://doi.org/10.1016/1010-6030(94)03921-g
8,5884,CN(C)c1ccc(C=C2Cc3ccccc3C2=O)cc1,CCOC(C)=O,413,497,0.57,0.11,4.44,,,,,263.1310142,10.1016/1010-6030(94)03921-g,https://doi.org/10.1016/1010-6030(94)03921-g
8,5885,CN(C)c1ccc(C=C2Cc3ccccc3C2=O)cc1,C1CCOC1,,,,0.12,,,,,,263.1310142,10.1016/1010-6030(94)03921-g,https://doi.org/10.1016/1010-6030(94)03921-g
8,5886,CN(C)c1ccc(C=C2Cc3ccccc3C2=O)cc1,CC(C)=O,,,,0.077,,,,,,263.1310142,10.1016/1010-6030(94)03921-g,https://doi.org/10.1016/1010-6030(94)03921-g
8,5887,CN(C)c1ccc(C=C2Cc3ccccc3C2=O)cc1,CC#N,427,534,0.29,0.045,4.44,,,,,263.1310142,10.1016/1010-6030(94)03921-g,https://doi.org/10.1016/1010-6030(94)03921-g
8,5888,CN(C)c1ccc(-c2cc(=O)c3ccccc3o2)cc1,C1CCCCC1,,,,0.007,,,,,,265.1102787,10.1016/1010-6030(94)03921-g,https://doi.org/10.1016/1010-6030(94)03921-g
8,5889,CN(C)c1ccc(-c2cc(=O)c3ccccc3o2)cc1,Cc1ccccc1,362,417,,0.76,4.33,,,,,265.1102787,10.1016/1010-6030(94)03921-g,https://doi.org/10.1016/1010-6030(94)03921-g
8,5890,CN(C)c1ccc(-c2cc(=O)c3ccccc3o2)cc1,CCOCC,,,,0.87,,,,,,265.1102787,10.1016/1010-6030(94)03921-g,https://doi.org/10.1016/1010-6030(94)03921-g
8,5891,CN(C)c1ccc(-c2cc(=O)c3ccccc3o2)cc1,CCOC(C)=O,366,442,2.3,1,4.34,,,,,265.1102787,10.1016/1010-6030(94)03921-g,https://doi.org/10.1016/1010-6030(94)03921-g
8,5892,CN(C)c1ccc(-c2cc(=O)c3ccccc3o2)cc1,C1CCOC1,,,,1,,,,,,265.1102787,10.1016/1010-6030(94)03921-g,https://doi.org/10.1016/1010-6030(94)03921-g
8,5893,CN(C)c1ccc(-c2cc(=O)c3ccccc3o2)cc1,CC#N,373,474,2.5,1,4.332,,,,,265.1102787,10.1016/1010-6030(94)03921-g,https://doi.org/10.1016/1010-6030(94)03921-g
8,5894,CN(C)c1ccc2c(c1)COc1c-2oc2ccccc2c1=O,C1CCCCC1,,,,0.5,,,,,,293.1051933,10.1016/1010-6030(94)03921-g,https://doi.org/10.1016/1010-6030(94)03921-g
8,5895,CN(C)c1ccc2c(c1)COc1c-2oc2ccccc2c1=O,Cc1ccccc1,385,441,,1,4.3,,,,,293.1051933,10.1016/1010-6030(94)03921-g,https://doi.org/10.1016/1010-6030(94)03921-g
8,5896,CN(C)c1ccc2c(c1)COc1c-2oc2ccccc2c1=O,CCOCC,,,,1,,,,,,293.1051933,10.1016/1010-6030(94)03921-g,https://doi.org/10.1016/1010-6030(94)03921-g
8,5897,CN(C)c1ccc2c(c1)COc1c-2oc2ccccc2c1=O,CCOC(C)=O,388,464,2.5,0.95,4.36,,,,,293.1051933,10.1016/1010-6030(94)03921-g,https://doi.org/10.1016/1010-6030(94)03921-g
8,5898,CN(C)c1ccc2c(c1)COc1c-2oc2ccccc2c1=O,C1CCOC1,,,,0.91,,,,,,293.1051933,10.1016/1010-6030(94)03921-g,https://doi.org/10.1016/1010-6030(94)03921-g
8,5899,CN(C)c1ccc2c(c1)COc1c-2oc2ccccc2c1=O,CC#N,396,489,2.9,0.86,4.37,,,,,293.1051933,10.1016/1010-6030(94)03921-g,https://doi.org/10.1016/1010-6030(94)03921-g
,,,,,,,,,,,,,,,https://doi.org/
9,15757,FC(F)(F)C(F)(F)C(F)(F)C1=NC2=C(Br)C=C3c4cc(Br)c5nc(C(F)(F)C(F)(F)C(F)(F)F)nc6c(Br)cc(c4c56)=C4C=C(Br)C(=N1)C2C34,C1CCOC1,475,486,2.1,0.12,4.91,830.5,965.9,18.7,22.8,979.7102397,10.1002/chem.201301903,https://doi.org/10.1002/chem.201301903
9,15758,FC(F)(F)C(F)(F)C(F)(F)C1=NC2=C(c3ccccc3)C=C3c4cc(-c5ccccc5)c5nc(C(F)(F)C(F)(F)C(F)(F)F)nc6c(-c7ccccc7)cc(c4c56)=C4C=C(c5ccccc5)C(=N1)C2C34,C1CCOC1,500,527,3.2,0.85,4.76,,,,,972.1933919,10.1002/chem.201301903,https://doi.org/10.1002/chem.201301903
9,15759,N#Cc1ccc(C2=CC3=c4cc(-c5ccc(C#N)cc5)c5nc(C(F)(F)C(F)(F)C(F)(F)F)nc6c(-c7ccc(C#N)cc7)cc(c4c65)C4=CC(c5ccc(C#N)cc5)=C5N=C(C(F)(F)C(F)(F)C(F)(F)F)N=C2C5C43)cc1,C1CCOC1,492,518,2.8,1,4.75,,,,,1072.174388,10.1002/chem.201301903,https://doi.org/10.1002/chem.201301903
9,15760,FC(F)(F)c1ccc(C2=CC3=c4cc(-c5ccc(C(F)(F)F)cc5)c5nc(C(F)(F)C(F)(F)C(F)(F)F)nc6c(-c7ccc(C(F)(F)F)cc7)cc(c4c65)C4=CC(c5ccc(C(F)(F)F)cc5)=C5N=C(C(F)(F)C(F)(F)C(F)(F)F)N=C2C5C43)cc1,C1CCOC1,489,512,2.8,0.96,4.8,2295.8,,55.1,,1244.14293,10.1002/chem.201301903,https://doi.org/10.1002/chem.201301903
9,15761,CCOC(=O)c1ccc(C2=CC3=c4cc(-c5ccc(C(=O)OCC)cc5)c5nc(C(F)(F)C(F)(F)C(F)(F)F)nc6c(-c7ccc(C(=O)OCC)cc7)cc(c4c65)C4=CC(c5ccc(C(=O)OCC)cc5)=C5N=C(C(F)(F)C(F)(F)C(F)(F)F)N=C2C5C43)cc1,C1CCOC1,497,523,2.8,0.79,4.83,,,,,1260.277909,10.1002/chem.201301903,https://doi.org/10.1002/chem.201301903
9,15762,CC(C)(C)[Si](C)(C)C#CC1=CC2=c3cc(C#C[Si](C)(C)C(C)(C)C)c4nc(C(F)(F)C(F)(F)C(F)(F)F)nc5c(C#C[Si](C)(C)C(C)(C)C)cc(c3c54)C3=CC(C#C[Si](C)(C)C(C)(C)C)=C4N=C(C(F)(F)C(F)(F)C(F)(F)F)N=C1C4C32,C1CCOC1,513,523,2.1,0.35,4.96,,,,,1220.414099,10.1002/chem.201301903,https://doi.org/10.1002/chem.201301903
9,15763,C[Si](C)(C)C#CC1=CC2=c3cc(C#C[Si](C)(C)C)c4nc(C(F)(F)C(F)(F)C(F)(F)F)nc5c(C#C[Si](C)(C)C)cc(c3c54)C3=CC(C#C[Si](C)(C)C)=C4N=C(C(F)(F)C(F)(F)C(F)(F)F)N=C1C4C32,C1CCOC1,512,522,2.1,0.45,5.04,,,,,1052.226299,10.1002/chem.201301903,https://doi.org/10.1002/chem.201301903
9,15764,CC(C)[Si](C#CC1=CC2=c3cc(C#C[Si](C(C)C)(C(C)C)C(C)C)c4nc(C(F)(F)C(F)(F)C(F)(F)F)nc5c(C#C[Si](C(C)C)(C(C)C)C(C)C)cc(c3c54)C3=CC(C#C[Si](C(C)C)(C(C)C)C(C)C)=C4N=C(C(F)(F)C(F)(F)C(F)(F)F)N=C1C4C32)(C(C)C)C(C)C,C1CCOC1,516,525,2,0.37,5.02,671.7,801.3,17.9,22.1,1388.6019,10.1002/chem.201301903,https://doi.org/10.1002/chem.201301903
9,15765,FC(F)(F)C(F)(F)C(F)(F)C1=NC2=C(c3ccc4ccc5cccc6ccc3c4c56)C=C3c4cc(-c5ccc6ccc7cccc8ccc5c6c78)c5nc(C(F)(F)C(F)(F)C(F)(F)F)nc6c(-c7ccc8ccc9cccc%10ccc7c8c9%10)cc(c4c56)=C4C=C(c5ccc6ccc7cccc8ccc5c6c78)C(=N1)C2C34,C1CCOC1,524,,,,3.95,,,,,1468.318592,10.1002/chem.201301903,https://doi.org/10.1002/chem.201301903
9,15766,FC(F)(F)C(F)(F)C(F)(F)C1=NC2=C(c3ccc4ccc5cccc6ccc3c4c56)C=C3c4cc(-c5ccc6ccc7cccc8ccc5c6c78)c5nc(C(F)(F)C(F)(F)C(F)(F)F)nc6c(-c7ccc8ccc9cccc%10ccc7c8c9%10)cc(c4c56)=C4C=C(c5ccc6ccc7cccc8ccc5c6c78)C(=N1)C2C34,Cc1ccccc1,560,,,,4.58,4312.8,,137.3,,1468.318592,10.1002/chem.201301903,https://doi.org/10.1002/chem.201301903
9,15767,FC(F)(F)C(F)(F)C(F)(F)C1=NC2=C(c3ccc(N(c4ccccc4)c4ccccc4)cc3)C=C3c4cc(-c5ccc(N(c6ccccc6)c6ccccc6)cc5)c5nc(C(F)(F)C(F)(F)C(F)(F)F)nc6c(-c7ccc(N(c8ccccc8)c8ccccc8)cc7)cc(c4c56)=C4C=C(c5ccc(N(c6ccccc6)c6ccccc6)cc5)C(=N1)C2C34,C1CCOC1,594,,,,4.58,4336.7,,155.6,,1640.487389,10.1002/chem.201301903,https://doi.org/10.1002/chem.201301903
9,15768,FC(F)(F)C(F)(F)C(F)(F)C1=NC2=C(c3ccc(N(c4ccccc4)c4ccccc4)cc3)C=C3c4cc(-c5ccc(N(c6ccccc6)c6ccccc6)cc5)c5nc(C(F)(F)C(F)(F)C(F)(F)F)nc6c(-c7ccc(N(c8ccccc8)c8ccccc8)cc7)cc(c4c56)=C4C=C(c5ccc(N(c6ccccc6)c6ccccc6)cc5)C(=N1)C2C34,Cc1ccccc1,611,,,,4.64,,,,,1640.487389,10.1002/chem.201301903,https://doi.org/10.1002/chem.201301903
9,15769,FC(F)(F)C(F)(F)C(F)(F)C1=NC2=C(Oc3ccccc3)C=C3c4cc(Oc5ccccc5)c5nc(C(F)(F)C(F)(F)C(F)(F)F)nc6c(Oc7ccccc7)cc(c4c56)=C4C=C(Oc5ccccc5)C(=N1)C2C34,C1CCOC1,498,523,2.8,0.1,4.68,2349.9,1092.7,58.5,29.9,1036.17305,10.1002/chem.201301903,https://doi.org/10.1002/chem.201301903
9,15770,FC(F)(F)C(F)(F)C(F)(F)C1=NC2=C(Sc3ccccc3)C=C3c4cc(Sc5ccccc5)c5nc(C(F)(F)C(F)(F)C(F)(F)F)nc6c(Sc7ccccc7)cc(c4c56)=C4C=C(Sc5ccccc5)C(=N1)C2C34,C1CCOC1,565,606,0.5,0.06,4.58,3014.7,1444.4,96.9,53.1,1100.081676,10.1002/chem.201301903,https://doi.org/10.1002/chem.201301903
9,15771,CC(C)(C)NC1=CC2=c3cc(NC(C)(C)C)c4nc(C(F)(F)C(F)(F)C(F)(F)F)nc5c(NC(C)(C)C)cc(c3c54)C3=CC(NC(C)(C)C)=C4N=C(C(F)(F)C(F)(F)C(F)(F)F)N=C1C4C32,C1CCOC1,646,666,6.1,0.25,4.78,898.6,796.3,37.5,35.3,952.3621886,10.1002/chem.201301903,https://doi.org/10.1002/chem.201301903
9,15772,COc1cc(NC2=CC3=c4cc(Nc5cc(OC)cc(OC)c5)c5nc(C(F)(F)C(F)(F)C(F)(F)F)nc6c(Nc7cc(OC)cc(OC)c7)cc(c4c65)C4=CC(Nc5cc(OC)cc(OC)c5)=C5N=C(C(F)(F)C(F)(F)C(F)(F)F)N=C2C5C43)cc(OC)c1,C1CCOC1,668,,,,4.59,1783.7,,79.9,,1272.321506,10.1002/chem.201301903,https://doi.org/10.1002/chem.201301903
,,,,,,,,,,,,,,,https://doi.org/
10,745,CCCCCCCCCCCCN1C(=O)c2ccc3c4ccc5c6c(ccc(c7ccc(c2c37)C1=O)c64)C(=O)N(CCCCCCCCCCCC)C5=O,CN(C)C=O,523,536,4.1,1,4.942653,1978.4,669.5,54.3,19.2,726.4396583,10.1016/j.dyepig.2005.03.001,https://doi.org/10.1016/j.dyepig.2005.03.001
10,746,NCCCCCCCCCCCCN1C(=O)c2ccc3c4ccc5c6c(ccc(c7ccc(c2c37)C1=O)c64)C(=O)N(CCCCCCCCCCCCN)C5=O,CN(C)C=O,523,537,4.1,0.83,,2106.7,829.5,57.8,23.9,756.4614564,10.1016/j.dyepig.2005.03.001,https://doi.org/10.1016/j.dyepig.2005.03.001
10,747,CCCCCCCCCCCCCCCCCCN1C(=O)c2ccc3c4ccc5c6c(ccc(c7ccc(c2c37)C1=O)c64)C(=O)N(CCCCCCCCCCCCCCCCCC)C5=O,CN(C)C=O,525,535,3.8,0.8,4.935003,3360.4,702.9,93.3,20.1,894.6274591,10.1016/j.dyepig.2005.03.001,https://doi.org/10.1016/j.dyepig.2005.03.001
10,748,Nc1ccc(N2C(=O)c3ccc4c5ccc6c7c(ccc(c8ccc(c3c48)C2=O)c75)C(=O)N(c2ccc(N)cc2)C6=O)cc1,CN(C)C=O,537,537,3.8,0.2,,,,,,572.1484551,10.1016/j.dyepig.2005.03.001,https://doi.org/10.1016/j.dyepig.2005.03.001
10,749,O=C1c2ccc3c4ccc5c6c(ccc(c7ccc(c2c37)C(=O)N1c1ccc(Cl)cc1)c64)C(=O)N(c1ccc(Cl)cc1)C5=O,CN(C)C=O,525,534,4,0.84,4.954995,2036,670.7,56.3,19.1,610.0487124,10.1016/j.dyepig.2005.03.001,https://doi.org/10.1016/j.dyepig.2005.03.001
10,750,O=C1c2ccc3c4ccc5c6c(ccc(c7ccc(c2c37)C(=O)N1c1ccc(O)cc1)c64)C(=O)N(c1ccc(O)cc1)C5=O,CN(C)C=O,522,534,3.9,0.2,4.604658,2064.7,653.3,56.4,18.6,574.1164863,10.1016/j.dyepig.2005.03.001,https://doi.org/10.1016/j.dyepig.2005.03.001
10,751,CCCCCCCCCCCCN1C(=O)c2ccc3c4ccc5c6c(ccc(c7ccc(c2c37)C1=O)c64)C(=O)NC5=O,CN(C)C=O,522,535,3,0.8,4.944019,4038.4,918.3,111.3,26.3,558.2518576,10.1016/j.dyepig.2005.03.001,https://doi.org/10.1016/j.dyepig.2005.03.001
10,752,NCCCCCCCCCCCCN1C(=O)c2ccc3c4ccc5c6c(ccc(c7ccc(c2c37)C1=O)c64)C(=O)NC5=O,CN(C)C=O,523,534,2.7,0.89,4.672467,2089.1,,57.3,,573.2627566,10.1016/j.dyepig.2005.03.001,https://doi.org/10.1016/j.dyepig.2005.03.001
10,753,CCCCCCCCCCCCCCCCCCN1C(=O)c2ccc3c4ccc5c6c(ccc(c7ccc(c2c37)C1=O)c64)C(=O)NC5=O,CN(C)C=O,523,531,3,0.37,4.900913,2458.5,,67.5,,642.345758,10.1016/j.dyepig.2005.03.001,https://doi.org/10.1016/j.dyepig.2005.03.001
10,754,Nc1ccc(N2C(=O)c3ccc4c5ccc6c7c(ccc(c8ccc(c3c48)C2=O)c75)C(=O)NC6=O)cc1,CN(C)C=O,524,534,2.9,0.97,4.945469,2016.7,,55.5,,481.106256,10.1016/j.dyepig.2005.03.001,https://doi.org/10.1016/j.dyepig.2005.03.001
10,755,O=C1NC(=O)c2ccc3c4ccc5c6c(ccc(c7ccc1c2c73)c64)C(=O)N(c1ccc(Cl)cc1)C5=O,CN(C)C=O,526,536,3.1,0.98,4.947875,2010.1,903.2,55.8,26,500.0563846,10.1016/j.dyepig.2005.03.001,https://doi.org/10.1016/j.dyepig.2005.03.001
10,756,O=C1NC(=O)c2ccc3c4ccc5c6c(ccc(c7ccc1c2c73)c64)C(=O)N(c1ccc(O)cc1)C5=O,CN(C)C=O,522,530,2.8,0.15,4.610926,3263.2,1068.5,89.6,30,482.0902715,10.1016/j.dyepig.2005.03.001,https://doi.org/10.1016/j.dyepig.2005.03.001
10,757,NCCCCCCCCCCCCN1C(=O)c2ccc3c4ccc5c6c(ccc(c7ccc(c2c37)C1=O)c64)C(=O)N(c1ccc(O)cc1)C5=O,CN(C)C=O,525,534,2.7,0.91,4.73496,2310,801.6,63.9,22.9,665.2889713,10.1016/j.dyepig.2005.03.001,https://doi.org/10.1016/j.dyepig.2005.03.001
10,758,Nc1ccc(N2C(=O)c3ccc4c5ccc6c7c(ccc(c8ccc(c3c48)C2=O)c75)C(=O)N(c2ccc(O)cc2)C6=O)cc1,CN(C)C=O,525,537,3.1,0.95,4.720738,2307.7,887.6,63.8,25.6,573.1324707,10.1016/j.dyepig.2005.03.001,https://doi.org/10.1016/j.dyepig.2005.03.001